"deporte","genero","corte","rank","atleta","marca","nike_inc","confianza","fuente_nombre","fuente_url","nota","tipo_ranking","busquedas","metodo"
"futbol","M","2015","1","Lionel Messi","Adidas","0","v","SoccerBible, may-2015","https://www.soccerbible.com/performance/football-boots/2015/05/adidas-launch-messi15/","Adidas lanzó en 2015 la silo Messi15, exclusiva del jugador. Patrocinado por Adidas desde 2006; contrato vitalicio en 2017.","Balón de Oro","1",""
"futbol","M","2015","2","Cristiano Ronaldo","Nike","1","v","Footy Headlines, ene-2015","https://www.footyheadlines.com/2015/01/silver-nike-mercurial-superfly-cristiano-ronaldo-2015-boots.html?m=1","Nike lanzó botas de firma CR7 en 2015. Socio de Nike desde 2003; contrato vitalicio en nov-2016 (CNN).","Balón de Oro","2",""
"futbol","M","2015","3","Neymar","Nike","1","v","SoccerBible, ene-2015","https://www.soccerbible.com/boot-spotting/2015/01/neymar-debuts-nike-hypervenom-liquid-diamond-in-copa-del-rey/","La evidencia es una edición especial de Nike hecha para Neymar (Hypervenom Liquid Diamond). No se halló nota de 2014-2015 sobre el contrato en sí.","Balón de Oro","1",""
"futbol","M","2015","4","Robert Lewandowski","Nike","1","h","","","","Balón de Oro","",""
"futbol","M","2015","5","Luis Suárez","Adidas","0","h","","","","Balón de Oro","",""
"futbol","M","2015","6","Thomas Müller","Adidas","0","h","","","","Balón de Oro","",""
"futbol","M","2015","7","Eden Hazard","Nike","1","h","","","","Balón de Oro","",""
"futbol","M","2015","8","Andrés Iniesta","Nike","1","h","","","","Balón de Oro","",""
"futbol","M","2015","9","Manuel Neuer","Adidas","0","h","","","","Balón de Oro","",""
"futbol","M","2015","10","Alexis Sánchez","Nike","1","v","Heavy, may-2015","https://heavy.com/sports/2015/05/alexis-sanchez-net-worth-contract-salary-girlfriend-arsenal-transfer-fee-nike/","Heavy (may-2015) reporta contrato de botas con Nike; Footy Headlines ago-2015 muestra Mercurial Superfly K-Leather exclusivas. No pude abrir la página (proxy), dato tomado del resultado de búsqueda.","Balón de Oro","2",""
"futbol","M","2018","1","Luka Modrić","Nike","1","v","Footy Headlines, sep-2018","https://www.footyheadlines.com/2018/09/nike-mercurial-luka-modric-the-best-2018-boots.html","Nike creó botas Mercurial conmemorativas para Modrić en 2018; también la edición 'Golden Touch' por el Balón de Oro. No se halló nota del contrato en sí.","Balón de Oro","1",""
"futbol","M","2018","2","Cristiano Ronaldo","Nike","1","v","Footy Headlines, jun-2018","https://www.footyheadlines.com/2018/06/beautiful-boots-cristiano-ronaldo-trains-in-nike-mercurial-cr7-chapter-edicao-especial-boots.html","Nike sacó botas de firma CR7 Chapter en 2018. Contrato vitalicio desde nov-2016.","Balón de Oro","1",""
"futbol","M","2018","3","Antoine Griezmann","Puma","0","h","","","","Balón de Oro","",""
"futbol","M","2018","4","Kylian Mbappé","Nike","1","v","Reuters vía Yahoo, sep-2026","https://es-us.noticias.yahoo.com/deportes/mbapp%C3%A9-deja-nike-ficha-on-143441442.html","Con Nike desde 2006","Balón de Oro","",""
"futbol","M","2018","5","Lionel Messi","Adidas","0","v","beIN Sports, feb-2024","https://www.beinsports.com/en-us/soccer/la-liga/articles-video/lamine-yamal-follows-messi-s-lead-leaves-nike-signs-with-adidas-2024-02-26","","Balón de Oro","",""
"futbol","M","2018","6","Mohamed Salah","Adidas","0","h","","","","Balón de Oro","",""
"futbol","M","2018","7","Raphaël Varane","Nike","1","v","Footy Headlines, ago-2018","https://www.footyheadlines.com/2018/08/no-more-tiempo-varane-switches-to-nike-phantom-vision.html","Nike lo pasa de Tiempo a Phantom Vision (ago-2018) y le hace bota especial tras el Mundial (sep-2018). Firmó con Puma en sep-2020.","Balón de Oro","2",""
"futbol","M","2018","8","Eden Hazard","Nike","1","h","","","","Balón de Oro","",""
"futbol","M","2018","9","Kevin De Bruyne","Nike","1","h","","","","Balón de Oro","",""
"futbol","M","2018","10","Harry Kane","Nike","1","v","CNBC, jul-2018","https://www.cnbc.com/2018/07/11/heres-how-much-24-year-old-english-captain-harry-kane-makes.html","Nota de CNBC (jul-2018) sobre sus patrocinios: Nike, Hugo Boss, EA Sports.","Balón de Oro","1",""
"futbol","M","2021","1","Lionel Messi","Adidas","0","v","beIN Sports, feb-2024","https://www.beinsports.com/en-us/soccer/la-liga/articles-video/lamine-yamal-follows-messi-s-lead-leaves-nike-signs-with-adidas-2024-02-26","","Balón de Oro","",""
"futbol","M","2021","2","Robert Lewandowski","Nike","1","h","","","","Balón de Oro","",""
"futbol","M","2021","3","Jorginho","Nike","1","v","Puma Newsroom, dic-2021","https://about.puma.com/en/newsroom/corporate-news/2021/30-12-2021-puma-welcomes-european-champion-and-uefa-mens-2021-player","Nike (Tiempo) durante casi todo 2021. Puma anunció su fichaje el 30-dic-2021, poniendo fin a la relación con Nike; Footy Headlines (oct-2021) ya adelantaba la salida. Si el corte se mide a fin de año, sería Puma.","Balón de Oro","2",""
"futbol","M","2021","4","Karim Benzema","Adidas","0","h","","","","Balón de Oro","",""
"futbol","M","2021","5","N'Golo Kanté","Adidas","0","v","SoccerBible, nov-2019","https://www.soccerbible.com/news/2019/11/ngolo-kant%C3%A9-signs-new-adidas-deal/","Renovó con Adidas en 2019 pese a oferta de Puma","Balón de Oro","",""
"futbol","M","2021","6","Cristiano Ronaldo","Nike","1","h","","","","Balón de Oro","",""
"futbol","M","2021","7","Mohamed Salah","Adidas","0","h","","","","Balón de Oro","",""
"futbol","M","2021","8","Kevin De Bruyne","Nike","1","h","FootballBoots.co.uk","https://www.footballboots.co.uk/debruyneboots.html","Usa Nike Phantom; su estado contractual en 2021 no está verificado","Balón de Oro","",""
"futbol","M","2021","9","Kylian Mbappé","Nike","1","v","Reuters vía Yahoo, sep-2026","https://es-us.noticias.yahoo.com/deportes/mbapp%C3%A9-deja-nike-ficha-on-143441442.html","","Balón de Oro","",""
"futbol","M","2021","10","Gianluigi Donnarumma","Adidas","0","h","nss sports, 2021 (fecha no confirmada)","https://www.nss-sports.com/en/lifestyle/26974/288-spine-gianluigi-donnarumma","Nss sports dice que está patrocinado por Adidas y usó guantes Predator Pro Hybrid en la Euro 2020 (jul-2021). No pude abrir la página para confirmar la fecha; también lo recoge The Scotsman. No hay evidencia de Nike.","Balón de Oro","2",""
"futbol","M","2022","1","Karim Benzema","Adidas","0","v","SoccerBible, oct-2022","https://www.soccerbible.com/performance/football-boots/2022/10/adidas-honour-karim-benzemas-ballon-dor-win-with-signature-boots/","Adidas le hizo una X Speedportal de firma por el Balón de Oro 2022. Corroborado por Footy Headlines (oct-2022).","Balón de Oro","1","busqueda"
"futbol","M","2022","2","Sadio Mané","New Balance","0","v","SoccerBible, may-2021","https://www.soccerbible.com/news/2021/05/sadio-mane-signs-long-term-deal-with-new-balance/","Con New Balance desde 2018; firmó contrato largo en may-2021. New Balance le lanzó botas especiales en ene-2022 (newsmarket de NB), así que seguía vigente.","Balón de Oro","1","busqueda"
"futbol","M","2022","3","Kevin De Bruyne","Nike","1","h","BC Boots UK, sin fecha","https://www.bcbootsuk.com/products/kevin-de-bruyne-match-worn-nike-phantom-gt-2-elite-signed-2022-23-treble-season-1","Solo evidencia de uso (Phantom GT2 en 2022/23). Footy Headlines (dic-2023) desmiente que pasara a Adidas, lo que sugiere que seguía con Nike. Sin nota del contrato.","Balón de Oro","2","busqueda"
"futbol","M","2022","4","Robert Lewandowski","Nike","1","h","BC Boots UK, sin fecha","https://www.bcbootsuk.com/products/robert-lewandowski-match-worn-boots-photo-matched-2022-23-4-goals-1-assist-barcelona","Botas Mercurial hechas a medida por Nike Athlete Services (2022/23). Es evidencia de uso y servicio de atleta, no del contrato.","Balón de Oro","1","busqueda"
"futbol","M","2022","5","Mohamed Salah","Adidas","0","v","SoccerBible, ene-2022","https://www.soccerbible.com/lifestyle/sneakers/2022/01/adidas-unveil-signature-mo-salah-ultraboost/","Adidas lanzó su Ultraboost de firma y su primera bota de firma en ene-2022. Un sitio (Sportskhabri, sin fecha) dice que el contrato vence en 2030.","Balón de Oro","1","busqueda"
"futbol","M","2022","6","Kylian Mbappé","Nike","1","v","SoccerBible, sep-2022","https://www.soccerbible.com/performance/football-boots/2022/09/mbappe-gets-new-signature-edition-nike-air-zoom-mercurial/","Nike le dio una Air Zoom Mercurial de firma en sep-2022. Con Nike desde 2006 hasta 2026.","Balón de Oro","1","busqueda"
"futbol","M","2022","7","Thibaut Courtois","Nike","1","h","Footy Headlines, 2018","https://www.footyheadlines.com/2018/05/thibaut-courtois-shows-off-custom-nike-fortnite-keeper-gloves.html","Usaba guantes Nike Vapor Grip3; fuente de más de 2 años. Hay señales en contra sin fecha clara: Footy Headlines (2020) dice que tapó el swoosh y Goalkeeper.com dice que dos porteros insignia de Nike se alejaban de la marca. No se halló fuente de 2021-2022.","Balón de Oro","2","busqueda"
"futbol","M","2022","8","Vinícius Júnior","Nike","1","v","Footy Headlines, dic-2022","https://footyheadlines.com/2022/12/vinicius-jr-takes-legal-action-to.html?m=1","Contrato con Nike vigente (extendido 10 años en 2018), pero en dic-2022 demandó para rescindirlo y entrenó con botas en blanco.","Balón de Oro","2","busqueda"
"futbol","M","2022","9","Luka Modrić","Nike","1","h","Footy Headlines, mar-2021","https://www.footyheadlines.com/2021/03/nike-to-release-commemorative-luka.html","Nike le hizo botas conmemorativas en 2021 y usa Mercurial. No se halló nota del contrato en 2022.","Balón de Oro","1","busqueda"
"futbol","M","2022","10","Erling Haaland","Sin contrato","0","h","Footy Headlines, mar-2023","https://www.footyheadlines.com/2023/03/erling-haaland-signs-nike-boot-deal.html","Su contrato con Nike (desde los 14 años) venció a inicios de 2022 y fue agente libre todo el año, aunque seguía usando Nike. Fuente posterior al corte (mar-2023), por eso h; Goal dice lo mismo.","Balón de Oro","1","busqueda"
"futbol","M","2023","1","Lionel Messi","Adidas","0","v","Footy Headlines, oct-2023","https://www.footyheadlines.com/2023/10/adidas-messi-2023-ballon-dor-boots.html","Adidas le hizo una X Crazyfast exclusiva por el octavo Balón de Oro. Contrato vitalicio desde 2017 (Inside World Football).","Balón de Oro","1","busqueda"
"futbol","M","2023","2","Erling Haaland","Nike","1","v","Footy Headlines, mar-2023","https://www.footyheadlines.com/2023/03/erling-haaland-signs-nike-boot-deal.html","Firmó con Nike en 2023 tras un año como agente libre, rechazando a Puma y Adidas; Boss Hunting habla de unos US$36 mm al año y al menos 10 años. Corroborado por SoccerBible y Goal.","Balón de Oro","1","busqueda"
"futbol","M","2023","3","Kylian Mbappé","Nike","1","v","Footy Headlines, may-2023","https://footyheadlines.com/2023/05/nike-zoom-mercurial-kylian-mbappe-2023.html","Nike lanzó su Zoom Mercurial de firma 2023-24.","Balón de Oro","1","busqueda"
"futbol","M","2023","4","Kevin De Bruyne","Nike","1","h","Footy Headlines, dic-2023","https://www.footyheadlines.com/2023/12/de-bruyne-sign-join-adidas-deal.html","Footy Headlines (3-dic-2023) corrige que no usó Adidas Samba y dice que es 'extremadamente improbable' que deje Nike; en jul-2023 probó la Nike Phantom Luna. Ninguna fuente nombra el contrato de forma explícita. Sigue con Nike en cortes 2018-2022 (h).","Balón de Oro","3","pagina"
"futbol","M","2023","5","Rodri","Nike","1","h","Costco UK, sin fecha","https://www.costco.co.uk/Flowers-Gifting-Books/Memorabilia/Signed-Memorabilia/Rodri-Signed-Framed-Nike-Football-Boot/p/553815","Solo evidencia de uso en 2023: botas Nike Phantom GX hechas a medida y firma de botas Nike en un evento privado (22-oct-2023). En 2024 Nike le hizo botas por el Balón de Oro (Footy Headlines, oct-2024). No se halló nota de contrato para 2023.","Balón de Oro","2","busqueda"
"futbol","M","2023","6","Vinícius Júnior","Nike","1","v","Footy Headlines, jun-2023","https://www.footyheadlines.com/2023/06/vinicius-jr-re-establish-nike-deal.html","Quiso romper con Nike en feb-2023; según The Athletic, Nike ganó en los tribunales y él siguió calzando Nike. Firmó un nuevo contrato largo con Nike (Footy Headlines, nov-2023).","Balón de Oro","1","busqueda"
"futbol","M","2023","7","Julián Álvarez","Adidas","0","v","Footy Headlines, ago-2023","https://www.footyheadlines.com/2023/07/adidas-crazycharged-boots-collection.html","Footy Headlines (10-ago-2023) lo nombra entre los 'high-profile Adidas players' que usarían la colección Crazycharged. Sportskeeda (sin fecha, 403) dice que firmó con Nike en 2022 y también menciona Adidas: contradicción no resuelta, pero la fuente fechada del corte dice Adidas.","Balón de Oro","3","pagina"
"futbol","M","2023","8","Victor Osimhen","Nike","1","h","Get Football News Italy, 2023","https://www.getfootballnewsitaly.com/2023/what-is-missing-from-victor-osimhens-napoli-contract-renewal/","Su contrato con Nike vencía en 2023 y una cláusula con Napoli (patrocinado por Armani) le impedía extenderlo salvo que Nike pagara €1,8 mm a Napoli (resumen de búsqueda; la página no cargó). No hay fuente que diga si seguía vigente en oct-2023. En feb-2025 usaba Adidas F50 y Footy Headlines supone que dejó Nike. Footy Headlines (dic-2023) no lo incluye entre los que dejaron Nike en 2023.","Balón de Oro","3","busqueda"
"futbol","M","2023","9","Bernardo Silva","Adidas","0","h","BC Boots UK, sin fecha","https://www.bcbootsuk.com/products/bernardo-silva-match-worn-boots-dual-hand-signed-2023-24-4-in-a-row-season","Solo evidencia de uso: botas player-issue Adidas Copa Pure (2022/23, 2023/24 y 2024/25) preparadas para él (Classic Football Shirts, BC Boots). No se halló anuncio ni nota del contrato.","Balón de Oro","3","busqueda"
"futbol","M","2023","10","Luka Modrić","Nike","1","h","Footy Headlines, mar-2021","https://www.footyheadlines.com/2021/03/nike-to-release-commemorative-luka.html","Patrocinado por Nike desde hace años (bono de €800.000 por el Balón de Oro 2018, Total Croatia News); usa Mercurial y estuvo en la colección Elite de Nike de la Champions 2023. No se halló nota del contrato en 2023.","Balón de Oro","2","busqueda"
"futbol","M","2024","1","Rodri","Nike","1","v","Footy Headlines, oct-2024","https://www.footyheadlines.com/2024/10/new-nike-to-release-rodri-ballon-dor-boots.html","","Balón de Oro","",""
"futbol","M","2024","2","Vinícius Júnior","Nike","1","v","France 24, sep-2026","https://www.france24.com/es/minuto-a-minuto/20260918-kylian-mbapp%C3%A9-deja-nike-y-firma-con-la-marca-suiza-on","","Balón de Oro","",""
"futbol","M","2024","3","Jude Bellingham","Adidas","0","v","Footy Headlines, ene-2024","https://www.footyheadlines.com/2024/01/adidas-to-sign-lamine-yamal.html","","Balón de Oro","",""
"futbol","M","2024","4","Dani Carvajal","Puma","0","v","SoccerBible, sep-2024","https://www.soccerbible.com/performance/football-boots/2024/09/puma-roll-out-special-edition-boots-for-their-euro-24-winners/","","Balón de Oro","",""
"futbol","M","2024","5","Erling Haaland","Nike","1","v","France 24, sep-2026","https://www.france24.com/es/minuto-a-minuto/20260918-kylian-mbapp%C3%A9-deja-nike-y-firma-con-la-marca-suiza-on","","Balón de Oro","",""
"futbol","M","2024","6","Kylian Mbappé","Nike","1","v","Reuters vía Yahoo, sep-2026","https://es-us.noticias.yahoo.com/deportes/mbapp%C3%A9-deja-nike-ficha-on-143441442.html","","Balón de Oro","",""
"futbol","M","2024","7","Lautaro Martínez","Nike","1","v","SempreInter, oct-2020","https://sempreinter.com/2020/10/24/photo-inter-striker-lautaro-martinez-shows-off-new-boots/","","Balón de Oro","",""
"futbol","M","2024","8","Lamine Yamal","Adidas","0","v","Footy Headlines, ene-2024","https://www.footyheadlines.com/2024/01/adidas-to-sign-lamine-yamal.html","Dejó Nike a inicios de 2024","Balón de Oro","",""
"futbol","M","2024","9","Harry Kane","Skechers","0","v","SportBusiness, sep-2023","https://www.sportbusiness.com/2023/09/im-just-kane-how-skechers-became-part-of-harrys-game/","Firmó un contrato vitalicio con Skechers en ago-2023, al vencer su contrato con Nike sin renovación (SportBusiness); corroborado por City AM y Goal.","Balón de Oro","1",""
"futbol","M","2024","10","Dani Olmo","Adidas","0","h","Football Boots DB","https://www.footballbootsdb.com/team/FC-Barcelona/108/","Fuente débil","Balón de Oro","",""
"futbol","M","2025","1","Ousmane Dembélé","Adidas","0","v","Footy Headlines, sep-2025","https://amp.footyheadlines.com/819553611126045341","Adidas le hizo una F50 especial por el Balón de Oro 2025. Dejó Nike en 2023.","Balón de Oro","1","busqueda"
"futbol","M","2025","2","Lamine Yamal","Adidas","0","v","Footy Headlines, jun-2026","https://www.footyheadlines.com/5527364169/lamine-yamal-explains-decision-to-leave-nike-for-adidas.html","Firmó con Adidas a inicios de 2024 (Footy Headlines, ene-2024); sigue vigente en 2026. Sin búsqueda nueva: dato tomado de atletas.csv.","Balón de Oro","0","busqueda"
"futbol","M","2025","3","Vitinha","n.d.","0","n","","","Sin evidencia tras 4 búsquedas (inglés y portugués). Un resumen de Favikon dice que publica contenido promocional con Nike, pero la página dio 403 y no está fechado; no basta. El uniforme del PSG (Nike) no cuenta.","Balón de Oro","4","busqueda"
"futbol","M","2025","4","Mohamed Salah","Adidas","0","v","Footwear Magazine, dic-2025","https://footwearmagazine.com/speed-adidas-f50-salah-afcon-2025/","Adidas presentó la F50 Salah, 'creada con y para Mohamed Salah', para la Copa Africana 2025 (20-dic-2025). Corroborado por nss sports. Con Adidas desde 2020.","Balón de Oro","2","pagina"
"futbol","M","2025","5","Raphinha","Adidas","0","h","Footy Headlines, ago-2023","https://www.footyheadlines.com/2023/07/adidas-crazycharged-boots-collection.html","Footy Headlines (ago-2023) lo nombra entre los 'high-profile Adidas players'. En 2024/25 usó Adidas Predator Elite y en sep-2026 probó prototipos de la Predator 27 (Footy Headlines). Fuente del contrato 2 años antes del corte; para 2025 solo hay uso. Un perfil sin fecha dice que antes era de Nike.","Balón de Oro","3","pagina"
"futbol","M","2025","6","Achraf Hakimi","Under Armour","0","v","Retail Times, abr-2025","https://retailtimes.co.uk/under-armour-signs-world-class-right-back-achraf-hakimi/","No es Puma. Under Armour lo fichó el 3-abr-2025 (botas Shadow Elite 3 y ropa). Venía de Adidas (h24info, Footy Headlines). Corroborado por Footy Headlines y Afrik-Foot. UA le hizo botas de firma para la Copa Africana 2025.","Balón de Oro","3","pagina"
"futbol","M","2025","7","Kylian Mbappé","Nike","1","v","Reuters vía Yahoo, sep-2026","https://es-us.noticias.yahoo.com/deportes/mbapp%C3%A9-deja-nike-ficha-on-143441442.html","Seguía con Nike hasta que el contrato venció el 31-jul-2026; se pasó a On en sep-2026. Sin búsqueda nueva: dato tomado de atletas.csv y movimientos.csv.","Balón de Oro","0","busqueda"
"futbol","M","2025","8","Cole Palmer","Nike","1","v","Si Phillips Talks Chelsea, mar-2025","https://siphillipstalkschelsea.substack.com/p/excl-cole-palmer-agrees-new-nike/comments","Titular del 11-mar-2025: 'Cole Palmer agrees new Nike deal' (el detalle está tras un enlace). Sportskhabri (sin fecha) dice que Nike lo hizo embajador global en jul-2025. En sep-2025 pasó a la Nike Phantom 6 (Footy Headlines).","Balón de Oro","3","pagina"
"futbol","M","2025","9","Gianluigi Donnarumma","Adidas","0","h","Footy Headlines, sep-2026","https://www.footyheadlines.com/8219624978/no-more-adidas-gianluigi-donnarumma-to-join-mizuno.html","Con Adidas desde 2019 (venía de Puma, Footy Headlines abr-2019). Footy Headlines (22-sep-2026) dice que fue embajador clave de Adidas y que su contrato 'ha expirado' al pasarse a botas Mizuno y guantes Reusch, sin fecha de término. No hay fuente de 2025 que confirme el contrato vigente.","Balón de Oro","3","pagina"
"futbol","M","2025","10","Nuno Mendes","Adidas","0","h","Footy Headlines, sep-2026","https://www.footyheadlines.com/5978801181/nuno-mendes-to-leave-adidas-for-nike.html","Footy Headlines (3-sep-2026) describe un contrato de larga data con Adidas como embajador principal de la F50 (relanzada en 2024); ECO (jun-2026) lo incluye en la campaña 'Backyard Legends' de Adidas, así que seguía vigente en 2026. En sep-2026 entrenó con Nike Mercurial: posible paso a Nike, no confirmado. Fuente posterior al corte. Fuente posterior al corte (sep-2026): confianza h.","Balón de Oro","3","pagina"
"futbol","M","2026","1","Harry Kane","Skechers","0","v","SoccerBible, jun-2026","https://www.soccerbible.com/performance/football-boots/2026/06/skechers-honour-harry-kane-becoming-england-s-top-scoring-world-cup-player/","Firmó un contrato vitalicio con Skechers en ago-2023, al vencer su contrato con Nike sin renovación (SportBusiness); corroborado por City AM y Goal.","Balón de Oro","1",""
"futbol","M","2026","2","Lamine Yamal","Adidas","0","v","Footy Headlines, jun-2026","https://www.footyheadlines.com/5527364169/lamine-yamal-explains-decision-to-leave-nike-for-adidas.html","","Balón de Oro","",""
"futbol","M","2026","3","Lionel Messi","Adidas","0","v","beIN Sports, feb-2024","https://www.beinsports.com/en-us/soccer/la-liga/articles-video/lamine-yamal-follows-messi-s-lead-leaves-nike-signs-with-adidas-2024-02-26","","Balón de Oro","",""
"futbol","M","2026","4","Michael Olise","Sin contrato","0","v","Footy Headlines, abr-2026","https://www.footyheadlines.com/2026/04/olise-no-contract.html","Juega con Nike Hypervenom sin cobrar","Balón de Oro","",""
"futbol","M","2026","5","Kylian Mbappé","On","0","v","France 24, sep-2026","https://www.france24.com/es/minuto-a-minuto/20260918-kylian-mbapp%C3%A9-deja-nike-y-firma-con-la-marca-suiza-on","Dejó Nike en 2026","Balón de Oro","",""
"futbol","M","2026","6","Rodri","Nike","1","v","Footy Headlines, sep-2026","https://www.footyheadlines.com/9245464610/nike-creates-exclusive-nike-phantom-spain-2-stars-boots-for-rodri.html","","Balón de Oro","",""
"futbol","M","2026","7","Khvicha Kvaratskhelia","Adidas","0","v","Footy Headlines, feb-2024","https://www.footyheadlines.com/2024/02/kvaratskhelia-joins-adidas-receives.html","","Balón de Oro","",""
"futbol","M","2026","8","Ousmane Dembélé","Adidas","0","v","Footy Headlines, 2023","https://www.footyheadlines.com/2023/04/dembele-to-join-puma.html","","Balón de Oro","",""
"futbol","M","2026","9","Erling Haaland","Nike","1","v","France 24, sep-2026","https://www.france24.com/es/minuto-a-minuto/20260918-kylian-mbapp%C3%A9-deja-nike-y-firma-con-la-marca-suiza-on","","Balón de Oro","",""
"futbol","M","2026","10","Pau Cubarsí","Adidas","0","h","adidas News, oct/nov-2025","https://news.adidas.com/football/adidas-introduces-the-football-gal-predator/s/dd80577e-0046-48ec-86b7-1508234725dd","Solo SoccerBible (nov-2025) lo muestra en una campaña Predator de Adidas; no hay anuncio de firma.","Balón de Oro","3",""
"basquet","M","2015","1","Stephen Curry","Under Armour","0","v","Sports Illustrated, sep-2015","https://www.si.com/nba/2015/09/16/under-armour-stephen-curry-contract-equity-stake","Under Armour extendió su contrato hasta 2024 e incluyó una participación accionaria. Firmó con UA en 2013; la Curry One salió en ene-2015.","All-NBA 1º y 2º","1",""
"basquet","M","2015","2","James Harden","Adidas","0","v","Sports Illustrated, ago-2015","https://www.si.com/nba/2015/08/13/james-harden-houston-rockets-adidas","Contrato de 13 años y US$200M con Adidas, anunciado el 13-ago-2015 y vigente desde el 1-oct-2015. Antes era de Nike; si el corte es anterior a oct-2015, la marca sería Nike.","All-NBA 1º y 2º","1",""
"basquet","M","2015","3","LeBron James","Nike","1","v","CNBC, dic-2015","https://www.cnbc.com/2015/12/07/nike-signs-lebron-james-to-lifetime-deal.html","Contrato vitalicio con Nike firmado en dic-2015; es de Nike desde 2003.","All-NBA 1º y 2º","1",""
"basquet","M","2015","4","Anthony Davis","Nike","1","h","","","","All-NBA 1º y 2º","",""
"basquet","M","2015","5","Marc Gasol","Nike","1","h","Complex (fecha no confirmada)","https://www.complex.com/sneakers/a/brandon-richard/marc-gasol-plays-defense-with-nike-hyperdunk-pe","Usó Nike Hyperdunk PE en 2015 y aparece en la campaña de Nike 'Birthplace of Dreams' con Pau. No encontré una fuente que nombre el contrato.","All-NBA 1º y 2º","2",""
"basquet","M","2015","6","Russell Westbrook","Jordan","1","h","","","","All-NBA 1º y 2º","",""
"basquet","M","2015","7","Chris Paul","Jordan","1","h","","","","All-NBA 1º y 2º","",""
"basquet","M","2015","8","LaMarcus Aldridge","Jordan","1","v","Blazer's Edge, oct-2014","https://www.blazersedge.com/2014/10/19/7009611/lamarcus-aldridge-shoe-deal-brand-jordan-portland-trail-blazers","Firmó con Jordan Brand en oct-2014, al terminar su contrato con Nike (sep-2014).","All-NBA 1º y 2º","1",""
"basquet","M","2015","9","DeMarcus Cousins","Nike","1","h","NBC Sports, sep-2018","https://www.nbcsports.com/nba/news/demarcus-cousins-signs-massive-new-shoe-deal-with-puma-nike-can-match","Cuando firmó con Puma en 2018, Nike tenía derecho a igualar la oferta, lo que indica un contrato previo con Nike. En 2015 usaba Nike (LeBron XI, Zoom Rev). La fuente es más de 2 años posterior al corte.","All-NBA 1º y 2º","2",""
"basquet","M","2015","10","Pau Gasol","Nike","1","h","Chicago Sun-Times (fecha no confirmada, aprox. 2015)","https://chicago.suntimes.com/sports/pau-gasol-is-now-apparently-modeling-for-nike-spain","Modeló la colección Nike Tech Pack (Nike España) y usó Hyperdunk 2015 PE. No pude abrir la nota para confirmar la fecha ni encontré una fuente que nombre el contrato.","All-NBA 1º y 2º","2",""
"basquet","M","2018","1","James Harden","Adidas","0","v","XXL, feb-2018","https://www.xxlmag.com/adidas-and-james-harden-unveil-the-harden-vol-2/","Adidas y Harden presentaron la Harden Vol. 2, su zapatilla de firma, el 8-feb-2018.","All-NBA 1º y 2º","1",""
"basquet","M","2018","2","LeBron James","Nike","1","v","Sports Illustrated, sep-2018","https://www.si.com/nba/2018/09/07/lebron-james-new-nike-shoe-lebron-16","Nike presentó la LeBron 16, su zapatilla de firma, en sep-2018. Tiene contrato vitalicio desde 2015.","All-NBA 1º y 2º","1",""
"basquet","M","2018","3","Anthony Davis","Nike","1","v","Bleacher Report, 2017 (mes no verificado)","https://bleacherreport.com/articles/2739538-anthony-davis-nike-reportedly-agree-to-new-endorsement-contract","Según reportes, extendió con Nike por varios años antes de la temporada 2017-18; las condiciones no se publicaron.","All-NBA 1º y 2º","1",""
"basquet","M","2018","4","Damian Lillard","Adidas","0","h","","","","All-NBA 1º y 2º","",""
"basquet","M","2018","5","Giannis Antetokounmpo","Nike","1","h","","","","All-NBA 1º y 2º","",""
"basquet","M","2018","6","DeMar DeRozan","Nike","1","h","","","","All-NBA 1º y 2º","",""
"basquet","M","2018","7","Russell Westbrook","Jordan","1","h","","","","All-NBA 1º y 2º","",""
"basquet","M","2018","8","Kevin Durant","Nike","1","v","Yahoo Sports","https://www.yahoo.com/entertainment/ranking-nba-players-most-signature-132316836.html","","All-NBA 1º y 2º","",""
"basquet","M","2018","9","Joel Embiid","Under Armour","0","h","","","","All-NBA 1º y 2º","",""
"basquet","M","2018","10","LaMarcus Aldridge","Jordan","1","h","Hypebeast, feb-2018","https://hypebeast.com/2018/2/air-jordan-3-black-cement-pe-lamarcus-aldridge","En 2018 usó Air Jordan PE con su logo 'LA' (All-Star) y Super.Fly PE. Es evidencia de uso de PE, no del contrato; el contrato con Jordan es de 2014.","All-NBA 1º y 2º","2",""
"basquet","M","2021","1","Nikola Jokić","Nike","1","h","Sneaker News, dic-2023","https://sneakernews.com/2023/12/25/nikola-jokic-signs-with-361/","No se halló fuente de 2020-2021. Fuentes de 2023 dicen que estuvo con Nike toda su carrera hasta firmar con 361 Degrees en dic-2023, y que en 2021 usaba una PE de Nike Zoom Rize 2. La fuente tiene más de 2 años respecto del corte.","All-NBA 1º y 2º","2",""
"basquet","M","2021","2","Giannis Antetokounmpo","Nike","1","v","Sneaker News, jun-2021","https://sneakernews.com/2021/06/29/nike-zoom-freak-3-release-info/","Nike presentó la Zoom Freak 3, tercera zapatilla de su línea de firma, en jun-2021.","All-NBA 1º y 2º","1",""
"basquet","M","2021","3","Kawhi Leonard","New Balance","0","v","New Balance Press Box, feb-2020","https://newbalance.newsmarket.com/hoops/the-kawhi-signature-shoe-revealed/s/f45bdf16-1454-4127-b421-eec9d087d9b4","New Balance presentó la KAWHI, su primera zapatilla de firma, en el All-Star de feb-2020; salió a la venta global en otoño de 2020. La fecha viene de los resultados de búsqueda, no se abrió la página. Firmó con NB en 2018.","All-NBA 1º y 2º","1",""
"basquet","M","2021","4","Stephen Curry","Under Armour","0","h","","","","All-NBA 1º y 2º","",""
"basquet","M","2021","5","Luka Dončić","Jordan","1","h","","","","All-NBA 1º y 2º","",""
"basquet","M","2021","6","Joel Embiid","Under Armour","0","h","","","","All-NBA 1º y 2º","",""
"basquet","M","2021","7","Julius Randle","Nike","1","h","ClutchPoints, oct-2023","https://clutchpoints.com/nba/new-york-knicks/knicks-news-julius-randle-drops-truth-bomb-on-split-from-nike","Firmó con Nike al inicio de su carrera y lo dejó por Skechers en oct-2023. Las fuentes son posteriores al corte (2023).","All-NBA 1º y 2º","2",""
"basquet","M","2021","8","LeBron James","Nike","1","h","","","","All-NBA 1º y 2º","",""
"basquet","M","2021","9","Damian Lillard","Adidas","0","h","","","","All-NBA 1º y 2º","",""
"basquet","M","2021","10","Chris Paul","Jordan","1","h","","","","All-NBA 1º y 2º","",""
"basquet","M","2022","1","Devin Booker","Nike","1","v","Sports Illustrated (FanNation Sneakers), 2022","https://www.si.com/fannation/sneakers/news/devin-booker-nike-agree-to-contract-extension","En 2022 extendió su contrato con Nike hasta 2029; con Nike desde 2015. La Book 1 se anunció en dic-2022 y salió en feb-2023. Mes de la nota no visible en el resumen.","All-NBA 1º y 2º","2","busqueda"
"basquet","M","2022","2","Luka Dončić","Jordan","1","v","Boardroom, 2022","https://boardroom.tv/luka-doncic-signature-shoe-jordan-luka-1/","Firmó con Jordan Brand en 2019; estrenó la Luka 1, su zapatilla de firma, en los playoffs de 2022 (salió a la venta en sep-2022).","All-NBA 1º y 2º","1","busqueda"
"basquet","M","2022","3","Giannis Antetokounmpo","Nike","1","v","Cassius Life, 2022","https://cassiuslife.com/576331/nike-zoom-freak-4/","Nike presentó la Zoom Freak 4, su cuarta zapatilla de firma, en 2022 (lanzamiento ago-2022). Fecha tomada del resumen.","All-NBA 1º y 2º","1","busqueda"
"basquet","M","2022","4","Jayson Tatum","Jordan","1","v","Nike.com, feb-2023","https://www.nike.com/a/tatum-1-release-info","Firmó con Jordan Brand en 2019 y la Tatum 1 se presentó en feb-2023, así que el contrato seguía vigente en 2022. La fuente es del año siguiente al corte (contrato plurianual con firma y continuidad).","All-NBA 1º y 2º","1","busqueda"
"basquet","M","2022","5","Nikola Jokić","Nike","1","v","Denver Gazette, 2022 (fecha aprox.)","https://www.denvergazette.com/?p=60701","Lo describe como atleta Nike 'leal' sin zapatilla de firma; usaba Air Zoom G.T. Jump. Corroborado por Denver Sports (dic-2023): dejó Nike, la marca de toda su carrera, por 361 Degrees.","All-NBA 1º y 2º","1","busqueda"
"basquet","M","2022","6","Stephen Curry","Under Armour","0","v","Under Armour (comunicado), oct-2022","https://about.underarmour.com/en/stories/2022/10/ua-and-stephen-curry-go-10-for-10.html","Curry Flow 10, su décima zapatilla de firma con UA (tercera de Curry Brand), salió el 21-oct-2022.","All-NBA 1º y 2º","1","busqueda"
"basquet","M","2022","7","Ja Morant","Nike","1","v","NBA.com, dic-2022","https://www.nba.com/news/ja-morant-unveils-signature-shoe-with-nike","Nike lo sumó a su lista de atletas con zapatilla de firma en dic-2022 (Ja 1, debut el 25-dic-2022).","All-NBA 1º y 2º","1","busqueda"
"basquet","M","2022","8","Kevin Durant","Nike","1","v","What Pros Wear, 2022","https://www.whatproswear.com/basketball/news/kevin-durant-unveils-the-nike-kd-15-in-2022-nba-playoffs/","Presentó la Nike KD15, su zapatilla de firma, en los playoffs de 2022.","All-NBA 1º y 2º","1","busqueda"
"basquet","M","2022","9","DeMar DeRozan","Nike","1","v","SoleSavy, ago-2022","https://news.solesavy.com/demar-derozan-extends-his-deal-with-nike/","Renovó con Nike por 4 años en ago-2022. Corroborado por Mr. Mag. Vanessa Bryant negó que sea 'la cara' de la línea Kobe, pero no el contrato con Nike.","All-NBA 1º y 2º","1","busqueda"
"basquet","M","2022","10","Joel Embiid","Under Armour","0","v","Philadelphia Inquirer, oct-2018","https://www.inquirer.com/philly/sports/sixers/joel-embiid-under-armour-sneaker-deal-sixers-76ers-20181010.html","Contrato de 5 años con UA firmado en 2018. Andscape dice que se fue a Skechers cuando venció ese contrato de cinco años, lo que muestra que seguía vigente en 2022. Firma más continuidad: confianza v.","All-NBA 1º y 2º","3","busqueda"
"basquet","M","2023","1","Luka Dončić","Jordan","1","v","Boardroom, 2022","https://boardroom.tv/luka-doncic-signature-shoe-jordan-luka-1/","Con Jordan Brand desde 2019; la Luka 1 salió en 2022 (año anterior al corte).","All-NBA 1º y 2º","1","busqueda"
"basquet","M","2023","2","Shai Gilgeous-Alexander","Converse","1","v","ESPN, jul-2020; Andscape, 2025","https://www.espn.com/nba/story/_/id/29425631","Firmó un contrato plurianual de calzado e indumentaria con Converse en 2020 (antes era de Nike). En 2025 Converse presentó la SHAI 001 tras una extensión del contrato, así que seguía vigente en 2023. Firma más continuidad.","All-NBA 1º y 2º","2","busqueda"
"basquet","M","2023","3","Giannis Antetokounmpo","Nike","1","v","Cassius Life, 2022","https://cassiuslife.com/576331/nike-zoom-freak-4/","Zoom Freak 4 en 2022 (año anterior al corte); tiene línea de firma con Nike desde 2019.","All-NBA 1º y 2º","1","busqueda"
"basquet","M","2023","4","Jayson Tatum","Jordan","1","v","NBC Sports Boston, feb-2023","https://www.nbcsportsboston.com/nba/boston-celtics/jordan-brand-jayson-tatum-unveil-first-signature-shoe/287510/","Jordan Brand presentó la Tatum 1, su primera zapatilla de firma, en el All-Star de feb-2023. Corroborado por Boston.com (feb-2023).","All-NBA 1º y 2º","1","busqueda"
"basquet","M","2023","5","Joel Embiid","Under Armour","0","v","Philadelphia Inquirer, oct-2018","https://www.inquirer.com/philly/sports/sixers/joel-embiid-under-armour-sneaker-deal-sixers-76ers-20181010.html","Contrato de 5 años con UA (2018-2023). Fue MVP 2022-23 con UA. Andscape dice que firmó con Skechers al vencer el contrato; no vi la fecha exacta de la firma con Skechers.","All-NBA 1º y 2º","3","busqueda"
"basquet","M","2023","6","Stephen Curry","Under Armour","0","v","Under Armour (comunicado), oct-2022","https://about.underarmour.com/en/stories/2022/10/ua-and-stephen-curry-go-10-for-10.html","Curry Flow 10 con UA/Curry Brand, oct-2022 (año anterior al corte).","All-NBA 1º y 2º","1","busqueda"
"basquet","M","2023","7","Donovan Mitchell","Adidas","0","v","Complex, 2022","https://www.complex.com/sneakers/a/ben-felderstein/donovan-mitchell-adidas-don-issue-4-interview","Adidas D.O.N. Issue #4, su cuarta zapatilla de firma, estrenada en abr-2022 (año anterior al corte). Corroborado por SI.","All-NBA 1º y 2º","1","busqueda"
"basquet","M","2023","8","Jimmy Butler","Li-Ning","0","h","Complex, nov-2020","https://www.complex.com/sneakers/2020/11/jimmy-butler-reportedly-signs-endorsement-deal-with-li-ning","Firmó un contrato plurianual con Li-Ning en nov-2020, al dejar Jordan Brand. No hallé fuente de 2022-2023 (se agotó el presupuesto de búsquedas); la fuente tiene más de 2 años respecto del corte.","All-NBA 1º y 2º","1","busqueda"
"basquet","M","2023","9","Jaylen Brown","Sin contrato","0","v","Complex, 2023; Boston Globe, mar-2022","https://au.complex.com/sneakers/a/victor-deng/jaylen-brown-says-current-sneaker-designs-are-trash-sneaker","Su contrato con Adidas (2016) venció en 2021. En 2023 era agente libre de calzado: usaba varias marcas, sobre todo Nike, sin contrato. Corroborado por el Boston Globe (mar-2022). En sep-2024 lanzó su marca 741.","All-NBA 1º y 2º","2","busqueda"
"basquet","M","2023","10","Nikola Jokić","Nike","1","v","Denver Sports, dic-2023","https://denversports.com/2109767/nikola-jokic-leaves-nike-signs-deal-to-be-face-of-chinese-brand/","Fue de Nike hasta dic-2023, cuando firmó con 361 Degrees. En la temporada 2022-23 y en el momento de la selección (may-2023) era de Nike.","All-NBA 1º y 2º","1","busqueda"
"basquet","M","2024","1","Nikola Jokić","361","0","v","Kicksologists, feb-2025","https://kicksologists.com/2025/02/25/nba-players-since-2000-with-non-nike-reebok-adidas-signature-shoes/","361 Joker 1 lanzado en 2024","All-NBA 1º y 2º","",""
"basquet","M","2024","2","Shai Gilgeous-Alexander","Converse","1","v","Bleacher Report, jun-2026","https://bleacherreport.com/articles/25441506-sga-nike-agree-shoe-contract-after-thunder-star-teases-move-converse-ig-video","","All-NBA 1º y 2º","",""
"basquet","M","2024","3","Giannis Antetokounmpo","Nike","1","v","Sneaker News, jul-2024","https://sneakernews.com/2024/07/23/nike-zoom-freak-6-giannis-antetokounmpo-release-date/","Nike presentó la Giannis Freak 6, su zapatilla de firma, en jul-2024.","All-NBA 1º y 2º","1",""
"basquet","M","2024","4","Luka Dončić","Jordan","1","h","","","","All-NBA 1º y 2º","",""
"basquet","M","2024","5","Jayson Tatum","Jordan","1","h","","","","All-NBA 1º y 2º","",""
"basquet","M","2024","6","Jalen Brunson","Nike","1","h","","","","All-NBA 1º y 2º","",""
"basquet","M","2024","7","Anthony Davis","Nike","1","h","Uproxx, 2017","https://uproxx.com/dimemag/anthony-davis-nike-shoe-contract-extension/","No encontré evidencia de que dejara Nike en 2019. Lo que terminó en 2019 fue el contrato de Kobe con Nike. Extendió con Nike en 2017 y en 2023-24 usó Nike LeBron 21. Una fuente débil (sitio de patrimonio) habla de un contrato vitalicio con Nike con extensión en 2023. Ninguna fuente fechada en 2023-2024 confirma el contrato.","All-NBA 1º y 2º","6",""
"basquet","M","2024","8","Kevin Durant","Nike","1","v","Yahoo Sports","https://www.yahoo.com/entertainment/ranking-nba-players-most-signature-132316836.html","","All-NBA 1º y 2º","",""
"basquet","M","2024","9","Anthony Edwards","Adidas","0","v","Hypebeast, abr-2026","https://hypebeast.com/2026/4/nba-wnba-signature-shoe-list-2026","","All-NBA 1º y 2º","",""
"basquet","M","2024","10","Kawhi Leonard","New Balance","0","v","Hypebeast, abr-2026","https://hypebeast.com/2026/4/nba-wnba-signature-shoe-list-2026","","All-NBA 1º y 2º","",""
"basquet","M","2025","1","Shai Gilgeous-Alexander","Converse","1","v","Andscape, feb-2025","https://andscape.com/features/shai-gilgeous-alexander-unveils-converse-shai-001-signature-sneakers/","Converse presentó la SHAI 001, su zapatilla de firma, en 2025 tras una extensión que lo hizo director creativo de Converse Basketball. Pasó a Nike en jun-2026 (movimiento ya registrado).","All-NBA 1º y 2º","1","busqueda"
"basquet","M","2025","2","Nikola Jokić","361","0","v","Kicksologists, feb-2025","https://kicksologists.com/2025/02/25/nba-players-since-2000-with-non-nike-reebok-adidas-signature-shoes/","Con 361 Degrees desde dic-2023; la 361 Joker 1 salió en 2024. Fuente reutilizada de atletas.csv (corte 2024).","All-NBA 1º y 2º","0","busqueda"
"basquet","M","2025","3","Giannis Antetokounmpo","Nike","1","v","Sneaker News, jul-2024","https://sneakernews.com/2024/07/23/nike-zoom-freak-6-giannis-antetokounmpo-release-date/","Giannis Freak 6 presentada en jul-2024 (año anterior al corte). Fuente reutilizada de atletas.csv.","All-NBA 1º y 2º","0","busqueda"
"basquet","M","2025","4","Jayson Tatum","Jordan","1","h","Nike.com, feb-2023","https://www.nike.com/a/tatum-1-release-info","Con Jordan Brand desde 2019; la Tatum 1 salió en 2023. No busqué una fuente de 2024-2025 (se agotó el presupuesto de búsquedas); la fuente tiene 2 años respecto del corte.","All-NBA 1º y 2º","0","busqueda"
"basquet","M","2025","5","Donovan Mitchell","Adidas","0","v","The Source, 2025","https://thesource.com/?p=772895","Adidas y Mitchell presentaron la D.O.N. Issue #7 en 2025 (venta desde jul-2025).","All-NBA 1º y 2º","1","busqueda"
"basquet","M","2025","6","Anthony Edwards","Adidas","0","h","Hypebeast, abr-2026","https://hypebeast.com/2026/4/nba-wnba-signature-shoe-list-2026","Tiene zapatilla de firma con Adidas (línea AE). La fuente es posterior al corte (2026); se reutilizó de atletas.csv y no se buscó una fuente de 2024-2025.","All-NBA 1º y 2º","0","busqueda"
"basquet","M","2025","7","LeBron James","Nike","1","h","CNBC, dic-2015","https://www.cnbc.com/2015/12/07/nike-signs-lebron-james-to-lifetime-deal.html","Contrato vitalicio con Nike desde 2015. Sin fuente de 2024-2025 (se agotó el presupuesto de búsquedas). Fuente reutilizada de atletas.csv.","All-NBA 1º y 2º","0","busqueda"
"basquet","M","2025","8","Stephen Curry","Under Armour","0","h","Under Armour (comunicado), oct-2022","https://about.underarmour.com/en/stories/2022/10/ua-and-stephen-curry-go-10-for-10.html","Con UA/Curry Brand en 2025. Según movimientos.csv, Curry Brand se asoció con Li-Ning en jun-2026. Creo (sin fuente) que la separación de UA fue a fines de 2025; si el corte fuera posterior, la marca podría cambiar. La fuente tiene más de 2 años.","All-NBA 1º y 2º","0","busqueda"
"basquet","M","2025","9","Evan Mobley","Adidas","0","h","","","Conocimiento previo sin fuente: firmó con Adidas como novato (2021). No se buscó (se agotó el presupuesto de búsquedas). Nota: Mobley fue segundo equipo, no Cade Cunningham, que fue tercer equipo.","All-NBA 1º y 2º","0","busqueda"
"basquet","M","2025","10","Jalen Brunson","Nike","1","h","Sportico, 2026","https://www.sportico.com/business/commerce/2026/jalen-brunson-shoes-nike-kobes-signature-line-1234902455/","Tiene contrato con Nike y juega con PE de Kobe. La fuente es posterior al corte (2026); se reutilizó de atletas.csv.","All-NBA 1º y 2º","0","busqueda"
"basquet","M","2026","1","Shai Gilgeous-Alexander","Nike","1","v","Bleacher Report, jun-2026","https://bleacherreport.com/articles/25441506-sga-nike-agree-shoe-contract-after-thunder-star-teases-move-converse-ig-video","Pasó de Converse a Nike en jun-2026","All-NBA 1º y 2º","",""
"basquet","M","2026","2","Nikola Jokić","361","0","v","Hypebeast, abr-2026","https://hypebeast.com/2026/4/nba-wnba-signature-shoe-list-2026","","All-NBA 1º y 2º","",""
"basquet","M","2026","3","Victor Wembanyama","Nike","1","v","Sports Illustrated, sep-2026","https://www.si.com/fannation/sneakers/news/predicting-next-10-nba-players-to-get-signature-sneakers","","All-NBA 1º y 2º","",""
"basquet","M","2026","4","Luka Dončić","Jordan","1","v","Hypebeast, abr-2026","https://hypebeast.com/2026/4/nba-wnba-signature-shoe-list-2026","","All-NBA 1º y 2º","",""
"basquet","M","2026","5","Cade Cunningham","Nike","1","v","Sports Illustrated, sep-2026","https://www.si.com/fannation/sneakers/news/predicting-next-10-nba-players-to-get-signature-sneakers","","All-NBA 1º y 2º","",""
"basquet","M","2026","6","Jaylen Brown","741 (marca propia)","0","v","Sportico, sep-2024","https://www.sportico.com/leagues/basketball/2024/boston-celtics-jaylen-brown-launches-shoe-brand-1234798693/","","All-NBA 1º y 2º","",""
"basquet","M","2026","7","Kawhi Leonard","New Balance","0","v","Hypebeast, abr-2026","https://hypebeast.com/2026/4/nba-wnba-signature-shoe-list-2026","","All-NBA 1º y 2º","",""
"basquet","M","2026","8","Donovan Mitchell","Adidas","0","v","Hypebeast, abr-2026","https://hypebeast.com/2026/4/nba-wnba-signature-shoe-list-2026","","All-NBA 1º y 2º","",""
"basquet","M","2026","9","Kevin Durant","Nike","1","v","Hypebeast, abr-2026","https://hypebeast.com/2026/4/nba-wnba-signature-shoe-list-2026","","All-NBA 1º y 2º","",""
"basquet","M","2026","10","Jalen Brunson","Nike","1","v","Sportico, 2026","https://www.sportico.com/business/commerce/2026/jalen-brunson-shoes-nike-kobes-signature-line-1234902455/","Tiene contrato de patrocinio con Nike, pero rechazó una zapatilla de firma propia; juega con PE de Kobe (Nike).","All-NBA 1º y 2º","1",""
"tenis","M","2015","1","Novak Djokovic","Uniqlo","0","h","Deadspin, 2012","https://deadspin.com/novak-djokovic-signs-with-uniqlo-5912735/","Contrato de 5 años con Uniqlo para la ropa, firmado en 2012 (2012-2017); el calzado era Adidas. La nota de Marketing Week que menciona a Uniqlo y Adidas no tiene fecha verificable (2014 o 2015). Se queda en h porque la fuente tiene más de 2 años respecto del corte.","Top 10 ATP","1",""
"tenis","M","2015","2","Andy Murray","Under Armour","0","v","CNBC, sep-2015","https://www.cnbc.com/2015/09/03/andy-murray-under-armours-new-weapon-vs-nike.html","Contrato de 4 años con UA (ropa y calzado) firmado en dic-2014 (Bloomberg). Usó zapatillas Adidas Barricade hasta debutar con UA en jun-2015.","Top 10 ATP","1",""
"tenis","M","2015","3","Roger Federer","Nike","1","v","Sports Illustrated, jun-2015","https://www.si.com/tennis/2015/06/22/wimbledon-2015-roger-federer-nick-kyrgios-laura-robson-nike-kits","Nike presentó los equipos de Federer para Wimbledon 2015 (línea RF). Contrato de 10 años desde 2008, que venció en mar-2018.","Top 10 ATP","2",""
"tenis","M","2015","4","Stan Wawrinka","Yonex","0","h","","","","Top 10 ATP","",""
"tenis","M","2015","5","Rafael Nadal","Nike","1","h","","","","Top 10 ATP","",""
"tenis","M","2015","6","Tomáš Berdych","H&M","0","v","The Fashionisto (vía Pinterest), 2015","https://www.pinterest.com/pin/tomas-berdych-continues-hm-collaboration-for-2015-with-new-tennisinspired-collection-the-fashionisto--425027283565623769/","Contrato con H&M desde enero de 2013, renovado con colección 2015. En enero de 2016 lo dejó por un contrato integral con Adidas. Calzado 2015 no verificado.","Top 10 ATP","2",""
"tenis","M","2015","7","David Ferrer","Lotto","0","h","","","","Top 10 ATP","",""
"tenis","M","2015","8","Kei Nishikori","Uniqlo","0","h","","","","Top 10 ATP","",""
"tenis","M","2015","9","Richard Gasquet","Le Coq Sportif","0","h","","","","Top 10 ATP","",""
"tenis","M","2015","10","Jo-Wilfried Tsonga","Adidas","0","v","FashionNetwork, may-2015","https://in.fashionnetwork.com/news/Ivanovic-tsonga-front-adidas-roland-garros-line,649812.html","Imagen de la línea Adidas Y-3 para Roland Garros 2015 (ropa y calzado). No encontré la fecha de firma del contrato.","Top 10 ATP","3",""
"tenis","M","2018","1","Novak Djokovic","Lacoste","0","v","Hypebeast, may-2017","https://hypebeast.com/2017/5/novak-djokovic-signs-with-lacoste-after-uniqlo","Firmó con Lacoste (ropa) el 22-may-2017, por 5 años, al terminar su contrato con Uniqlo. No se verificó la marca del calzado en 2018.","Top 10 ATP","1",""
"tenis","M","2018","2","Rafael Nadal","Nike","1","v","RafaelNadalFans, may-2018","https://rafaelnadalfans.com/2018/05/23/rafael-nadal-2018-french-open-nike-outfit-wear-clothes-roland-garros/","La fuente es un blog de fans que describe el equipo Nike diseñado para Nadal en Roland Garros 2018. Según otro resultado (sin fecha verificada), extendió con Nike en 2018 por 5 años.","Top 10 ATP","1",""
"tenis","M","2018","3","Roger Federer","Uniqlo","0","v","ESPN, jul-2018","https://www.espn.com/tennis/story/_/id/23972357/roger-federer-wears-uniqlo-apparel-wimbledon-opener-ending-apparel-deal-nike","Firmó con Uniqlo (ropa) en jul-2018, tras vencer su contrato con Nike en mar-2018; siguió usando calzado Nike. Si el corte es anterior a jul-2018, la marca sería Nike.","Top 10 ATP","1",""
"tenis","M","2018","4","Alexander Zverev","Adidas","0","h","","","","Top 10 ATP","",""
"tenis","M","2018","5","Juan Martín del Potro","Nike","1","h","","","","Top 10 ATP","",""
"tenis","M","2018","6","Kevin Anderson","Lotto","0","v","Footwear News, jul-2018","https://footwearnews.com/shoes/outdoor-footwear/wimbledon-mens-final-novak-djokovic-kevin-anderson-sponsors-1202591337/","Ropa y calzado Lotto en la final de Wimbledon 2018. Luego pasó a ropa Dunlop (hacia 2019-2020). Parche Guinot desde nov-2018.","Top 10 ATP","2",""
"tenis","M","2018","7","Marin Čilić","Fila","0","h","SGB Online, ago-2016","https://sgbonline.com/fila-sponsors-marin-cilic/","Contrato plurianual con Fila anunciado el 26-ago-2016 (ropa; también calzado Fila). Fuente fuera de la ventana corte/año anterior; no encontré fuente de 2017-2018 que nombre el contrato. Más tarde firmó un contrato integral con Head.","Top 10 ATP","2",""
"tenis","M","2018","8","Dominic Thiem","Adidas","0","v","SportsPro 50 Most Marketable, 2018","https://www.sportspromedia.com/most-marketable/2018/dominic-thiem-2018","Adidas figura entre sus patrocinadores principales en 2018 (ropa y calzado). Sin fecha ni condiciones del contrato.","Top 10 ATP","1",""
"tenis","M","2018","9","Kei Nishikori","Uniqlo","0","h","","","","Top 10 ATP","",""
"tenis","M","2018","10","John Isner","Fila","0","h","WWD Footwear News, s/f","https://wwd.com/footwear-news/shoe-industry-news/fila-inks-sponsorship-deal-with-john-isner-1238711984/","Contrato de 3 años con Fila firmado a inicios de 2016 y extendido en 2019, por lo que cubre 2018. No pude abrir la fuente para ver la fecha exacta; no tengo fuente de 2017-2018.","Top 10 ATP","1",""
"tenis","M","2021","1","Novak Djokovic","Lacoste","0","v","Forbes, sep-2021","https://www.forbes.com/sites/timnewcomb/2021/09/02/lacoste-partnership-with-novak-djokovic-extends-to-2025-includes-annual-us-open-collection/","Lacoste extendió el contrato hasta 2025 (sep-2021). El dato sale del título del resultado de búsqueda; Forbes estaba bloqueado y no se abrió la página.","Top 10 ATP","1",""
"tenis","M","2021","2","Daniil Medvedev","Lacoste","0","v","Newpubmarketing, abr-2021","https://newpubmarketing.over-blog.fr/2021/04/sponsoring-lacoste-avec-le-joueur-de-tennis-daniil-medvedev.html","Patrocinado por Lacoste desde 2019, con extensión hasta 2026; en 2021 debutó la zapatilla Lacoste AG LT21 Ultra.","Top 10 ATP","1",""
"tenis","M","2021","3","Alexander Zverev","Adidas","0","h","SportsKhabri, 2020 (mes no verificado)","https://sportskhabri.com/alexander-zverevs-adidas-sponsorship-in-jeopardy-due-to-public-outrage/","Patrocinado por Adidas (ropa y calzado) desde 2016. Reportes de 2020 decían que el contrato vencía en dic-2020 y que la renovación era incierta. No se halló confirmación de renovación para 2021, aunque siguió vistiendo Adidas.","Top 10 ATP","3",""
"tenis","M","2021","4","Stefanos Tsitsipas","Adidas","0","h","","","","Top 10 ATP","",""
"tenis","M","2021","5","Andrey Rublev","Nike","1","v","tennisnet.com, nov-2021","https://www.tennisnet.com/en/news/is-the-season-already-over-for-nike","Contrato con Nike de ropa y calzado desde abr-2019; en las ATP Finals 2021 seguía vistiendo Nike. Nike no lo renovó a fines de 2022 y en 2023 lanzó su marca propia, Rublo.","Top 10 ATP","2",""
"tenis","M","2021","6","Rafael Nadal","Nike","1","h","","","","Top 10 ATP","",""
"tenis","M","2021","7","Matteo Berrettini","Lotto","0","v","nss sports, jul-2021","https://www.nss-sports.com/en/lifestyle/27168/signature-limited-edition-lotto-berrettini-wimbledon","Lotto le dedicó una edición limitada por la final de Wimbledon 2021; vestía ropa y calzado Lotto. Pasó a Boss (ropa) en ene-2022 y desde entonces usa calzado Asics.","Top 10 ATP","2",""
"tenis","M","2021","8","Casper Ruud","Yonex","0","h","","","","Top 10 ATP","",""
"tenis","M","2021","9","Hubert Hurkacz","Yonex","0","h","Tennis.com, 2024","https://www.tennis.com/news/articles/outfit-of-the-day-elena-rybakina-new-yonex-kit-custom-dress-press-conference-roland-garros","","Top 10 ATP","",""
"tenis","M","2021","10","Jannik Sinner","Nike","1","h","","","","Top 10 ATP","",""
"tenis","M","2022","1","Carlos Alcaraz","Nike","1","v","Tennis Now, jun-2024","https://tennisnow.com/News/2024/June/Report-Alcaraz-Signs-Massive-Nike-Extension.aspx","Contrato Nike firmado en ene-2020 con vigencia hasta 2025 (tennis365); en 2024 lo extendió. Vistió Nike en el US Open 2022 (tennis365). Contrato plurianual vigente en el corte.","Top 10 ATP","2","busqueda"
"tenis","M","2022","2","Rafael Nadal","Nike","1","v","Sportskeeda, 2022","https://www.sportskeeda.com/tennis/rafael-nadal-s-post-us-open-outfit-rest-2022-season-revealed","Nike presentó su equipo para el resto de la temporada 2022. Patrocinado por Nike de larga data.","Top 10 ATP","1","busqueda"
"tenis","M","2022","3","Casper Ruud","Yonex","0","v","Yonex Far East, jun-2022","https://yonex-fareast.com/2022-wimbledon-team-yonex-preview/","Team Yonex en Wimbledon 2022 (ropa y calzado). Corroborado por Tennis.com (Top Fashion Moments 2022, kit Yonex en la final del US Open): https://www.tennis.com/news/articles/top-fashion-moments-of-2022-is-casper-ruud-the-style-heir-to-roger-federer","Top 10 ATP","1","busqueda"
"tenis","M","2022","4","Stefanos Tsitsipas","Adidas","0","v","Sportskeeda, ago-2023","https://www.sportskeeda.com/tennis/news-alexander-zverev-stefanos-tsitsipas-felix-auger-aliassime-adidas-sponsored-men-s-outfits-revealed-us-open-2023","Con Adidas desde 2015 (ropa y calzado); sigue patrocinado por Adidas en 2023, así que el contrato estaba vigente en 2022.","Top 10 ATP","1","busqueda"
"tenis","M","2022","5","Novak Djokovic","Lacoste","0","v","Forbes, sep-2021","https://www.forbes.com/sites/timnewcomb/2021/09/02/lacoste-partnership-with-novak-djokovic-extends-to-2025-includes-annual-us-open-collection/","Lacoste extendió el contrato de ropa hasta 2025 (2021). Calzado Asics.","Top 10 ATP","1","busqueda"
"tenis","M","2022","6","Félix Auger-Aliassime","Adidas","0","v","FashionNetwork, ene-2021","https://ae.fashionnetwork.com/news/Adidas-signs-up-tennis-player-felix-auger-aliassime,1273486.html","Contrato de largo plazo con Adidas (ropa y calzado) desde ene-2021; antes Nike (2017-2021). Sigue con Adidas en 2025 (tennis365).","Top 10 ATP","1","busqueda"
"tenis","M","2022","7","Daniil Medvedev","Lacoste","0","v","Tennis Now, nov-2020","https://tennisnow.com/daniil-medvedev-inks-long-term-extension-with-lacoste/","Extensión con Lacoste hasta 2026 firmada en nov-2020; fuente fuera de la ventana pero contrato plurianual vigente (corroborado por Tennis.com: https://prod.tennis.com/news/articles/medvedev-extends-lacoste-deal-through-2026).","Top 10 ATP","1","busqueda"
"tenis","M","2022","8","Andrey Rublev","Nike","1","v","tennisnet.com, nov-2021","https://www.tennisnet.com/en/news/is-the-season-already-over-for-nike","Contrato Nike (ropa y calzado) desde 2019. Nike no lo renovó al terminar 2022, tras retirar su negocio de Rusia (Tennis.com).","Top 10 ATP","1","busqueda"
"tenis","M","2022","9","Taylor Fritz","Nike","1","v","Ubitennis, mar-2024","https://ubitennis.com/blog/2024/03/06/fritz-cambia-sponsor-dopo-una-vita-con-nike-lamericano-passa-a-boss","Contrato Nike de 8 años (2016-2023); seguía con Nike en el US Open 2023 (The Nightly). Contrato plurianual vigente en el corte.","Top 10 ATP","1","busqueda"
"tenis","M","2022","10","Hubert Hurkacz","Yonex","0","v","Yonex Far East, jun-2022","https://yonex-fareast.com/2022-wimbledon-team-yonex-preview/","Team Yonex (ropa y calzado) en Wimbledon 2022, junto a Ruud.","Top 10 ATP","1","busqueda"
"tenis","M","2023","1","Novak Djokovic","Lacoste","0","v","Ubitennis, sep-2023","https://ubitennis.com/blog/2023/09/18/gli-outffit-dello-us-open-2023","Vistió Lacoste en el US Open 2023; contrato extendido hasta 2025 (Forbes, sep-2021). Calzado Asics.","Top 10 ATP","1","busqueda"
"tenis","M","2023","2","Carlos Alcaraz","Nike","1","v","Tennis Now, jun-2024","https://tennisnow.com/News/2024/June/Report-Alcaraz-Signs-Massive-Nike-Extension.aspx","Contrato Nike 2020-2025, extendido en jun-2024. Vigente en el corte.","Top 10 ATP","1","busqueda"
"tenis","M","2023","3","Daniil Medvedev","Lacoste","0","v","Tennis.com, s/f","https://prod.tennis.com/news/articles/medvedev-extends-lacoste-deal-through-2026","Contrato con Lacoste hasta 2026 (extensión de nov-2020, Tennis Now). Fuente de firma fuera de la ventana; contrato vigente en el corte.","Top 10 ATP","1","busqueda"
"tenis","M","2023","4","Jannik Sinner","Nike","1","v","tennis365, s/f","https://www.tennis365.com/tennis-features/style-icon-jannik-sinners-big-sponsors-158m-nike-deal-gucci-alfa-romeo","Contrato de 10 años con Nike (ropa y calzado), firmado en 2022 (aprox. US$150M); sigue vigente en 2025 (SI).","Top 10 ATP","1","busqueda"
"tenis","M","2023","5","Andrey Rublev","Rublo (marca propia)","0","v","Tennis.com, ene-2023","https://prod.tennis.com/news/articles/equality-kindness-hope-andrey-rublev-launches-rublo-a-clothing-brand-that-s-not","Lanzó su marca Rublo al inicio de 2023, después de que Nike no renovara. Calzado no verificado. K-Swiss desde ago-2024.","Top 10 ATP","1","busqueda"
"tenis","M","2023","6","Stefanos Tsitsipas","Adidas","0","v","Sportskeeda, ago-2023","https://www.sportskeeda.com/tennis/news-alexander-zverev-stefanos-tsitsipas-felix-auger-aliassime-adidas-sponsored-men-s-outfits-revealed-us-open-2023","Equipo Adidas en el US Open 2023 (jugador patrocinado por Adidas desde 2015).","Top 10 ATP","1","busqueda"
"tenis","M","2023","7","Alexander Zverev","Adidas","0","v","Sportskeeda, ago-2023","https://www.sportskeeda.com/tennis/news-alexander-zverev-stefanos-tsitsipas-felix-auger-aliassime-adidas-sponsored-men-s-outfits-revealed-us-open-2023","Equipo Adidas en el US Open 2023.","Top 10 ATP","0","busqueda"
"tenis","M","2023","8","Holger Rune","Nike","1","v","tennis365, 2023","https://www.tennis365.com/atp-tour/holger-rune-shuts-down-rumours-of-a-split-with-nike","En 2023 desmintió los rumores de ruptura con Nike: 'I am very happy with my Nike collaboration'. Ropa y calzado Nike desde 2020; contrato plurianual firmado en 2022 (resumen de búsqueda, cifra de US$5M/año sin medio claro).","Top 10 ATP","1","busqueda"
"tenis","M","2023","9","Hubert Hurkacz","Yonex","0","v","Tennis.com, s/f","https://prod.tennis.com/news/articles/geared-up-hubert-hurkacz-hits-the-courts-in-head-to-toe-yonex","Contrato total con Yonex (ropa y calzado). Con Yonex en 2022 (Yonex Far East); el cambio a Adidas se reporta recién en 2025 (Tennisnerd), así que Yonex sigue vigente en 2023.","Top 10 ATP","2","busqueda"
"tenis","M","2023","10","Taylor Fritz","Nike","1","v","The Nightly, sep-2023","https://thenightly.com.au/sport/tennis/its-an-athletic-leisure-wear-five-setter-at-the-us-open-and-nike-is-being-aced-c-19894526","Vestía Nike en el US Open 2023; el contrato de 8 años con Nike terminó a fines de 2023 (Ubitennis, mar-2024). Pasó a Boss en mar-2024.","Top 10 ATP","1","busqueda"
"tenis","M","2024","1","Jannik Sinner","Nike","1","v","Sports Illustrated, nov-2024","https://www.si.com/onsi/serve/style/jannik-sinner-debuts-signature-nike-apparel-at-atp-finals","Debutó ropa Nike de firma en las ATP Finals 2024. Contrato de 10 años y unos US$150M con Nike.","Top 10 ATP","1",""
"tenis","M","2024","2","Alexander Zverev","Adidas","0","v","TennisAvid, 2024","https://tennisavid.com/list-of-tennis-sponsors/","","Top 10 ATP","",""
"tenis","M","2024","3","Carlos Alcaraz","Nike","1","v","Tennis Now, jun-2024","https://www.tennisnow.com/News/2024/June/Report-Alcaraz-Signs-Massive-Nike-Extension.aspx","Según reportes, extendió con Nike por 10 años en jun-2024 (hasta US$200M) e incluye logo propio.","Top 10 ATP","1",""
"tenis","M","2024","4","Taylor Fritz","Boss","0","v","The Tennis Insider, mar-2024","https://www.thetennisinsider.com/post/taylor-fritz-leaves-nike-tennis-and-signs-with-hugo-boss","Ropa Boss desde mar-2024 (Tennis.com, Sportskeeda, Ubitennis); calzado Asics desde el 22-ago-2024. TennisAvid (2024) aún lo listaba con Nike.","Top 10 ATP","2",""
"tenis","M","2024","5","Daniil Medvedev","Lacoste","0","h","","","","Top 10 ATP","",""
"tenis","M","2024","6","Casper Ruud","Yonex","0","v","TennisAvid, 2024","https://tennisavid.com/list-of-tennis-sponsors/","","Top 10 ATP","",""
"tenis","M","2024","7","Novak Djokovic","Lacoste","0","h","","","","Top 10 ATP","",""
"tenis","M","2024","8","Alex de Minaur","Asics","0","v","Punto de Break, dic-2025","https://www.puntodebreak.com/en/2025/12/31/minaur-surprises-with-sudden-change-in-the-clothing-brand-sponsoring-him","","Top 10 ATP","",""
"tenis","M","2024","9","Andrey Rublev","K-Swiss","0","v","FashionUnited, ago-2024","https://fashionunited.com/press/fashion/k-swiss-forges-powerful-partnership-with-andrey-rublev-no-6-tennis-player-in-the-world/2024082661550","Firmó con K-Swiss un contrato plurianual de ropa y calzado en ago-2024. Usaba calzado K-Swiss desde la gira de arcilla de 2024. Antes de eso vestía Rublo, su marca propia (2023 a mediados de 2024).","Top 10 ATP","2",""
"tenis","M","2024","10","Grigor Dimitrov","Lacoste","0","v","SI Serve, oct-2024","https://www.si.com/onsi/serve/style/lacoste-unveils-tennis-kits-for-2024-rolex-paris-masters","Contrato de 3 años con Lacoste firmado en may-2023, tras salir de Nike. En calzado pasó de Nike a Asics en abr-2024 (Sportskeeda) y a un contrato de calzado con Adidas el 8-ene-2025.","Top 10 ATP","3",""
"tenis","M","2025","1","Carlos Alcaraz","Nike","1","v","Sports Illustrated, nov-2025","https://www.si.com/onsi/serve/style/did-carlos-alcaraz-debut-his-nike-logo-at-2025-atp-finals","Extensión de unos 10 años con Nike en jun-2024 (Tennis Now); vistió Nike en las ATP Finals 2025.","Top 10 ATP","1","busqueda"
"tenis","M","2025","2","Jannik Sinner","Nike","1","v","Sports Illustrated, jul-2025","https://www.si.com/onsi/serve/style/nike-posts-3-words-after-jannik-sinner-wimbledon-title","Contrato de 10 años con Nike (2022); Nike lo celebró tras su título en Wimbledon 2025.","Top 10 ATP","1","busqueda"
"tenis","M","2025","3","Alexander Zverev","Adidas","0","v","tennis365, ago-2025","https://www.tennis365.com/tennis-news/alexander-zverev-usopen-kit-felix-auger-aliassime","Parte del roster Adidas en el US Open 2025, junto a Auger-Aliassime.","Top 10 ATP","1","busqueda"
"tenis","M","2025","4","Novak Djokovic","Lacoste","0","v","tennis365, 2025","https://www.tennis365.com/tennis-news/novak-djokovic-wants-to-go-until-2028-los-angeles-olympic-games-retirement-lacoste","Contrato con Lacoste vigente hasta 2025; el CEO de Lacoste esperaba renovarlo (Djokovic quiere seguir hasta 2028). Calzado Asics.","Top 10 ATP","1","busqueda"
"tenis","M","2025","5","Félix Auger-Aliassime","Adidas","0","v","tennis365, ago-2025","https://www.tennis365.com/tennis-news/alexander-zverev-usopen-kit-felix-auger-aliassime","Parte del roster Adidas en el US Open 2025.","Top 10 ATP","0","busqueda"
"tenis","M","2025","6","Taylor Fritz","Boss","0","v","Ubitennis, mar-2024","https://ubitennis.com/blog/2024/03/06/fritz-cambia-sponsor-dopo-una-vita-con-nike-lamericano-passa-a-boss","Ropa Boss desde mar-2024; vistió Boss en el US Open 2025 (Tennis Warehouse). Calzado Asics (ET Online, 2024).","Top 10 ATP","1","busqueda"
"tenis","M","2025","7","Alex de Minaur","Asics","0","v","Punto de Break, dic-2025","https://www.puntodebreak.com/en/2025/12/31/minaur-surprises-with-sudden-change-in-the-clothing-brand-sponsoring-him","Asics anunció a fines de 2025 el fin de una relación de 11 años; Wilson desde 2026. En 2025 seguía con Asics.","Top 10 ATP","1","busqueda"
"tenis","M","2025","8","Lorenzo Musetti","Asics","0","v","Sports Illustrated, 2025","https://www.si.com/onsi/serve/style/lorenzo-musetti-ditches-nike-for-asics-in-2025","Dejó Nike por Asics en 2025 (contrato plurianual). El resumen destaca el calzado Gel-Resolution; no confirma por separado la ropa. Embajador de Bottega Veneta (lujo, no deportivo).","Top 10 ATP","1","busqueda"
"tenis","M","2025","9","Ben Shelton","On","0","v","Front Office Sports, s/f","https://frontofficesports.com/article/tennis-star-ben-shelton-on-sponsorship/","Contrato total con On (ropa y calzado) desde 2023; vistió On en Roland Garros 2025 (Tennis Warehouse). Fecha de la fuente no visible.","Top 10 ATP","2","busqueda"
"tenis","M","2025","10","Jack Draper","Vuori","0","v","Forbes, ago-2025","https://www.forbes.com/sites/mattcraig/2025/08/21/jack-draper-tennis-vuori-sponsor/","Ropa Vuori desde ago-2025 (antes Nike); calzado Asics. Corroborado por Tennis.com: https://prod.tennis.com/news/articles/style-points-mixed-doubles-jack-draper-vuori-venus-rybakina-us-open-revealed","Top 10 ATP","0","busqueda"
"tenis","M","2026","1","Jannik Sinner","Nike","1","v","Tennis.com, feb-2026","https://www.tennis.com/news/articles/nike-atelier-custom-look-for-jannik-sinner-2026-winter-olympics-milan-cortina","Nike lo vistió en el Abierto de Australia, Roland Garros y Wimbledon 2026, y le hizo un look a medida para los JJOO de Invierno 2026.","Top 10 ATP","1",""
"tenis","M","2026","2","Alexander Zverev","Adidas","0","v","Sports Illustrated, jun-2026","https://www.si.com/onsi/serve/style/top-10-fashion-statements-2026-french-open","","Top 10 ATP","",""
"tenis","M","2026","3","Carlos Alcaraz","Nike","1","v","Rolling Stone, ene-2026","https://www.rollingstone.com/product-recommendations/style/carlos-alcaraz-australian-open-2026-outfit-shop-nike-pieces-1235502386/","Jugó el Abierto de Australia 2026 con equipo Nike; la nota llama a Nike su patrocinador.","Top 10 ATP","1",""
"tenis","M","2026","4","Ben Shelton","On","0","v","FashionNetwork, may-2024","https://ww.fashionnetwork.com/news/Roger-federer-backed-on-signs-deal-with-rising-tennis-star-flavio-cobolli,1633305.html","","Top 10 ATP","",""
"tenis","M","2026","5","Félix Auger-Aliassime","Adidas","0","v","Yahoo Sports, jul-2026","https://sports.yahoo.com/articles/adidas-shows-off-2026-hardcourt-011003441.html","","Top 10 ATP","",""
"tenis","M","2026","6","Daniil Medvedev","Lacoste","0","h","","","","Top 10 ATP","",""
"tenis","M","2026","7","Flavio Cobolli","On","0","v","Sports Illustrated, jun-2026","https://www.si.com/onsi/serve/style/top-10-fashion-statements-2026-french-open","","Top 10 ATP","",""
"tenis","M","2026","8","Frances Tiafoe","Lululemon","0","v","Sports Illustrated, jun-2026","https://www.si.com/onsi/serve/style/top-10-fashion-statements-2026-french-open","Ex-Nike","Top 10 ATP","",""
"tenis","M","2026","9","Alex de Minaur","Wilson","0","v","Punto de Break, dic-2025","https://www.puntodebreak.com/en/2025/12/31/minaur-surprises-with-sudden-change-in-the-clothing-brand-sponsoring-him","Ex-Asics","Top 10 ATP","",""
"tenis","M","2026","10","Taylor Fritz","Boss","0","v","Racquet Social, sep-2026","https://racquetsocial.com/tennis-clothing-sponsors/","Ex-Nike","Top 10 ATP","",""
"golf","M","2015","1","Jordan Spieth","Under Armour","0","v","Golf Digest, ene-2015","https://www.golfdigest.com/story/jordan-spieth-signs-big-under-armour-deal","Extensión de 10 años con UA (ene-2015), por ocho cifras anuales; firmó con UA en 2013.","OWGR","1",""
"golf","M","2015","2","Jason Day","Adidas","0","v","Golfweek, abr-2015","https://golfweek.com/2015/04/07/masters-2015-jason-day-golf-shirts-adidas-golf-aug","Profesional de staff de adidas Golf (ropa y calzado) en el Masters 2015; TaylorMade en equipo. Firmó con Nike en 2016.","OWGR","1",""
"golf","M","2015","3","Rory McIlroy","Nike","1","v","GolfWRX, 2013","https://golfwrx.com/63175/nike-announces-rory-mcilroy-sponsorship/","","OWGR","",""
"golf","M","2015","4","Bubba Watson","Oakley","0","v","Golfweek, abr-2015","https://golfweek.com/2015/04/06/masters-2015-bubba-watson-golf-shirts-oakley-augus/","Contrato de ropa con Oakley desde ene-2013; vistió Oakley de pies a cabeza en el Masters 2015. No verifiqué si su calzado era de otra marca.","OWGR","1",""
"golf","M","2015","5","Henrik Stenson","Boss","0","h","SponsorPitch, sin fecha","https://app.sponsorpitch.com/deals/hugo-boss-sponsors-henrik-stenson","Hugo Boss es su patrocinador de ropa desde nov-2014, según un resumen sin fecha. CORRECCIÓN: en atletas.csv no estaba; pasa al 5.º puesto.","OWGR","1","busqueda"
"golf","M","2015","6","Rickie Fowler","Puma","0","h","Golf Business News, sin fecha","https://golfbusinessnews.com/news/sponsorship-and-events/cobra-puma-golf-inks-extended-partnership-with-rickie-fowler/","Viste Puma Golf desde 2009 (palos Cobra desde 2012) y ha renovado varias veces; no hallé una fuente fechada en 2014-2015. CORRECCIÓN: en atletas.csv figuraba 5.º; su puesto real es el 6.º.","OWGR","1","busqueda"
"golf","M","2015","7","Justin Rose","Ashworth","0","h","The Golf News Net, jun-2016","https://thegolfnewsnet.com/ryan_ballengee/2016/06/16/justin-rose-moves-ashworth-adidas-golf-apparel-19386/","Tenía contrato de ropa con Ashworth desde 2012 y pasó a Adidas en el US Open de jun-2016. La fuente es posterior al corte. Corroborado por NBC Sports/Golf Channel.","OWGR","1","busqueda"
"golf","M","2015","8","Dustin Johnson","Adidas","0","h","GolfWRX, sep-2016","https://www.golfwrx.com/401050/dustin-johnson-signs-multi-year-apparel-shoe-deal-with-adidas/","Ropa y calzado Adidas desde dic-2007; en sep-2016 renovó por varios años. No hallé una fuente fechada en 2014-2015.","OWGR","1","busqueda"
"golf","M","2015","9","Jim Furyk","n.d.","0","n","","","No hallé su contrato de ropa de 2015. Constellation era un logo en su ropa entre 2013 y 2015, no la marca. Llevaba calzado Adidas desde 2006 e impermeables ProQuip desde 2008, ambos según fuentes antiguas.","OWGR","2","busqueda"
"golf","M","2015","10","Patrick Reed","Callaway","0","h","SportsBusiness Daily, abr-2018","https://www.sportsbusinessdaily.com/Daily/Issues/2018/04/09/Marketing-and-Sponsorship/Patrick-Reed.aspx","Firmó un contrato de ropa con Callaway en 2015 que duró hasta fines de 2017. Pasó a Nike en ene-2018. La fuente es posterior al corte.","OWGR","1","busqueda"
"golf","M","2018","1","Brooks Koepka","Nike","1","h","Golf Channel, sin fecha","https://www.golfchannel.com/article/golf-central-blog/koepka-chats-rory-tiger-signing-nike","Ropa Nike desde la temporada 2016, según resúmenes sin fecha. Golf Magic confirma que en ene-2024 seguía con Nike.","OWGR","1","busqueda"
"golf","M","2018","2","Justin Rose","Adidas","0","v","Golf Digest, nov-2018","https://www.golfdigest.com/story/justin-rose-to-leave-taylormade-expected-to-sign-with-honma","Su contrato de ropa con Adidas (desde jun-2016) venció a fines de 2018 y no se renovó. Para 2019 firmó con Bonobos (ropa) y Honma (palos). Corroborado por Golf.com (nov-2018).","OWGR","1","busqueda"
"golf","M","2018","3","Dustin Johnson","Adidas","0","v","GolfWRX, sep-2016","https://www.golfwrx.com/401050/dustin-johnson-signs-multi-year-apparel-shoe-deal-with-adidas/","Renovó por varios años en sep-2016 (ropa y calzado). Un artículo de Golf.com de 2018 lo incluye en el roster de Adidas como n.º 1 del mundo; la fecha de ese artículo se dedujo y no se ve en el resultado.","OWGR","2","busqueda"
"golf","M","2018","4","Justin Thomas","Ralph Lauren","0","h","ESPN, ene-2021","https://www.espn.com/golf/story/_/id/30719365","Renovó con Ralph Lauren en 2018 hasta 2021; Ralph Lauren lo dejó en ene-2021. Calzado FootJoy. La fuente es posterior al corte.","OWGR","1","busqueda"
"golf","M","2018","5","Bryson DeChambeau","Puma","0","v","Golf Digest, abr-2016","https://www.golfdigest.com/story/dechambeau-goes-pro-with-cobra-puma-clubs-apparel","Contrato de largo plazo con Cobra Puma (ropa, calzado y palos) desde abr-2016. Siguió vigente hasta fines de 2022, según Today's Golfer (2022).","OWGR","2","busqueda"
"golf","M","2018","6","Jon Rahm","Adidas","0","h","Golf.com, sin fecha (prob. 2018)","https://golf.com/news/adidas-agrees-to-new-contracts-with-sergio-garcia-xander-schauffele-and-tyrrell-hatton/","Un resumen lo incluye en el roster de Adidas Golf como n.º 4 del mundo, junto a DJ (n.º 1) y Rose (n.º 6); esos puestos coinciden con 2018. La fecha no se ve en el resultado.","OWGR","1","busqueda"
"golf","M","2018","7","Francesco Molinari","Nike","1","v","Golf.com, jul-2018","https://golf.com/news/francesco-molinari-nike-equipment/","Ropa Nike desde ene-2018; ganó el Open de Carnoustie vestido de Nike, con palos TaylorMade. Corroborado por SportsBusiness Daily (ago-2018).","OWGR","2","busqueda"
"golf","M","2018","8","Rory McIlroy","Nike","1","h","GolfWRX, 2013","https://golfwrx.com/63175/nike-announces-rory-mcilroy-sponsorship/","Contrato Nike desde 2013. No hallé una fuente fechada en 2017-2018.","OWGR","0","busqueda"
"golf","M","2018","9","Tony Finau","Nike","1","h","The Golf News Net, mar-2018","https://thegolfnewsnet.com/ryan_ballengee/2018/03/09/tony-finau-wearing-nike-golf-hoodie-valspar-championship-108703/","Vestía Nike de pies a cabeza en 2018 (solo evidencia de uso); según un resumen, firmó con Nike para la temporada 2016. Más tarde pasó a Jordan Brand (Golf Magic, sin fecha).","OWGR","1","busqueda"
"golf","M","2018","10","Xander Schauffele","Adidas","0","h","Golf.com, sin fecha","https://golf.com/news/adidas-agrees-to-new-contracts-with-sergio-garcia-xander-schauffele-and-tyrrell-hatton/","Firmó con Adidas en el mismo anuncio que Hatton y la renovación de Sergio García; la fecha del anuncio no se ve. En 2024 cambió la ropa a Descente.","OWGR","1","busqueda"
"golf","M","2021","1","Jon Rahm","TravisMathew","0","v","The Golf News Net, ene-2021","https://thegolfnewsnet.com/golfnewsnetteam/2021/01/04/jon-rahm-joins-callaway-golf-with-14-club-staff-deal-will-wear-travis-mathew-apparel-121571/","Firmó con Callaway (14 palos) en ene-2021 y desde el Sentry 2021 viste TravisMathew (marca de Callaway) en lugar de Adidas. Corroborado por Golf.com (ene-2021). La versión de un cambio en may-2021 no se sostiene.","OWGR","2","busqueda"
"golf","M","2021","2","Collin Morikawa","Adidas","0","h","Golf Monthly, 2025","https://www.golfmonthly.com/gear/gear-news/collin-morikawa-whats-in-the-bag-192019","Contrato plurianual de ropa y calzado con Adidas desde 2019, aún vigente en 2025. No hay fuente fechada en 2020-2021.","OWGR","0","busqueda"
"golf","M","2021","3","Dustin Johnson","Adidas","0","h","GolfWRX, sep-2016","https://www.golfwrx.com/401050/dustin-johnson-signs-multi-year-apparel-shoe-deal-with-adidas/","Renovación plurianual en 2016; Golf Magic informa otra renovación sin fecha visible. No hay fuente fechada en 2020-2021.","OWGR","0","busqueda"
"golf","M","2021","4","Patrick Cantlay","Boss","0","v","Garage Magazine, jul-2020","https://garage.com.ph/2020/07/14/this-global-brand-launches-professional-golfers-gavin-greene-and-patrick-cantlay-as-latest-ambassadors/","Embajador de Boss desde 2020 (campaña global con Gavin Green). The Golf News Net (ene-2023) confirma que la relación con Hugo Boss duró hasta fines de 2022. Antes vestía TravisMathew.","OWGR","2","busqueda"
"golf","M","2021","5","Bryson DeChambeau","Puma","0","v","Today's Golfer, 2022","https://www.todays-golfer.com/news-and-events/tour-news/2022/bryson-dechambeau-joins-liv-golf","Contrato con Cobra Puma (ropa y palos) firmado en abr-2016 (Golf Digest); venció a fines de 2022, así que seguía vigente en 2021.","OWGR","1","busqueda"
"golf","M","2021","6","Xander Schauffele","Adidas","0","h","Golf Monthly, 2024","https://www.golfmonthly.com/news/xander-schauffeles-clothing-his-new-sponsor-for-2024","Vistió Adidas hasta 2023 y cambió la ropa a Descente en 2024. No hay fuente fechada en 2020-2021.","OWGR","0","busqueda"
"golf","M","2021","7","Justin Thomas","Sin contrato","0","v","Golf Magic, mar-2022","https://www.golfmagic.com/equipment-news/justin-thomas-signs-greyson-after-being-axed-ralph-lauren-last-year","Ralph Lauren lo dejó en ene-2021 (ESPN) y firmó con Greyson en mar-2022, 14 meses después; a fines de 2021 no tenía contrato de ropa. Corroborado por GolfWRX. Calzado FootJoy.","OWGR","2","busqueda"
"golf","M","2021","8","Viktor Hovland","J.Lindeberg","0","h","","","Conocimiento previo sin fuente.","OWGR","0","busqueda"
"golf","M","2021","9","Rory McIlroy","Nike","1","h","GolfWRX, 2013","https://golfwrx.com/63175/nike-announces-rory-mcilroy-sponsorship/","Contrato Nike desde 2013. No hallé una fuente fechada en 2020-2021.","OWGR","0","busqueda"
"golf","M","2021","10","Louis Oosthuizen","Ping","0","h","Golf Business News, sin fecha visible (2015-2016)","https://golfbusinessnews.com/news/sponsorship-and-events/ping-apparel-re-signs-louis-oosthuizen-announces-new-ambassadors/","Ping Apparel lo renovó en 2015-2016 por varios años (palos y ropa). SCALES anunció un patrocinio plurianual que empieza en 2022 (Yahoo Finance), lo que sugiere que en 2021 seguía con Ping. Sin fuente fechada en 2020-2021.","OWGR","3","busqueda"
"golf","M","2022","1","Rory McIlroy","Nike","1","h","GolfWRX, 2013","https://golfwrx.com/63175/nike-announces-rory-mcilroy-sponsorship/","Contrato Nike desde 2013; siguió con Nike hasta 2026, según MyGolfSpy (feb-2026).","OWGR","0","busqueda"
"golf","M","2022","2","Scottie Scheffler","Nike","1","h","GolfGETUP, sin fecha","https://www.golfgetup.com/who-are-the-current-nike-golfers/","Atleta Nike según una fuente sin fecha. No hallé el año de la firma.","OWGR","0","busqueda"
"golf","M","2022","3","Cameron Smith","Original Penguin","0","v","MR Magazine, 2022","https://mr-mag.com/original-penguin-celebrates-cameron-smiths-latest-victory/","Viste Original Penguin (Perry Ellis) desde 2018; renovó como embajador global en 2022 por varios años. Se pasó a LIV (Ripper GC) en ago-2022. La hipótesis de Ralph Lauren no tiene respaldo.","OWGR","1","busqueda"
"golf","M","2022","4","Patrick Cantlay","Boss","0","v","The Golf News Net, ene-2023","https://thegolfnewsnet.com/ryan_ballengee/2023/01/05/patrick-cantlay-starts-2023-without-a-clothing-or-equipment-sponsorship-127863/amp/","Se separó de Hugo Boss justo antes del Sentry 2023, así que en 2022 seguía vigente (firmado en 2020, Garage Magazine). Corroborado por Golf Channel.","OWGR","2","busqueda"
"golf","M","2022","5","Jon Rahm","TravisMathew","0","v","The Golf News Net, ene-2021","https://thegolfnewsnet.com/golfnewsnetteam/2021/01/04/jon-rahm-joins-callaway-golf-with-14-club-staff-deal-will-wear-travis-mathew-apparel-121571/","Contrato de largo plazo con Callaway desde ene-2021 que incluye ropa TravisMathew; NBC Sports lo describe como ""long-term partnership"".","OWGR","1","busqueda"
"golf","M","2022","6","Xander Schauffele","Adidas","0","h","Golf Monthly, 2024","https://www.golfmonthly.com/news/xander-schauffeles-clothing-his-new-sponsor-for-2024","Vistió Adidas hasta 2023; Descente desde 2024.","OWGR","0","busqueda"
"golf","M","2022","7","Will Zalatoris","FootJoy","0","h","GolfWRX, sin fecha visible","https://www.golfwrx.com/691557/winning-footwear-will-zalatoris-custom-premiere-series-tarlow-golf-shoes-at-the-fed-ex-st-jude/","Figura en campañas de FootJoy (Feel the Joy, con Theegala) y viste su colección; ganó el FedEx St. Jude 2022 con calzado FootJoy. No hallé el anuncio fechado de un contrato de ropa.","OWGR","3","busqueda"
"golf","M","2022","8","Justin Thomas","Greyson","0","v","Golf Magic, mar-2022","https://www.golfmagic.com/equipment-news/justin-thomas-signs-greyson-after-being-axed-ralph-lauren-last-year","Firmó como embajador de Greyson Clothiers en mar-2022. Corroborado por GolfWRX. Calzado FootJoy.","OWGR","2","busqueda"
"golf","M","2022","9","Matt Fitzpatrick","Castore","0","v","Golf Business News, mar-2022","https://golfbusinessnews.com/news/sponsorship-and-events/fitzpatrick-signs-apparel-deal-with-castore/","Contrato plurianual de ropa con Castore firmado en mar-2022. Calzado Skechers.","OWGR","0","busqueda"
"golf","M","2022","10","Viktor Hovland","J.Lindeberg","0","h","","","Conocimiento previo sin fuente.","OWGR","0","busqueda"
"golf","M","2023","1","Scottie Scheffler","Nike","1","h","GolfGETUP, sin fecha","https://www.golfgetup.com/who-are-the-current-nike-golfers/","Atleta Nike según una fuente sin fecha.","OWGR","0","busqueda"
"golf","M","2023","2","Rory McIlroy","Nike","1","h","GolfWRX, 2013","https://golfwrx.com/63175/nike-announces-rory-mcilroy-sponsorship/","Contrato Nike desde 2013; seguía vigente en 2026 (MyGolfSpy).","OWGR","0","busqueda"
"golf","M","2023","3","Jon Rahm","TravisMathew","0","h","The Golf News Net, ene-2021","https://thegolfnewsnet.com/golfnewsnetteam/2021/01/04/jon-rahm-joins-callaway-golf-with-14-club-staff-deal-will-wear-travis-mathew-apparel-121571/","Contrato de largo plazo con Callaway (ropa TravisMathew) firmado en ene-2021; fuente con más de 2 años respecto del corte. En dic-2023 se pasó a LIV.","OWGR","0","busqueda"
"golf","M","2023","4","Viktor Hovland","J.Lindeberg","0","h","","","Conocimiento previo sin fuente.","OWGR","0","busqueda"
"golf","M","2023","5","Patrick Cantlay","B.Draddy","0","v","Endurance Sportswire, abr-2023","https://www.endurancesportswire.com/b-draddy-zero-restriction-sign-ambassador-deal-with-patrick-cantlay/","Embajador de B.Draddy y Zero Restriction (Summit Golf Brands) desde el Masters 2023. Empezó 2023 sin contrato de ropa ni de palos (The Golf News Net).","OWGR","2","busqueda"
"golf","M","2023","6","Xander Schauffele","Adidas","0","h","Golf Monthly, 2024","https://www.golfmonthly.com/news/xander-schauffeles-clothing-his-new-sponsor-for-2024","Vistió Adidas hasta 2023; cambió la ropa a Descente para 2024.","OWGR","0","busqueda"
"golf","M","2023","7","Max Homa","FootJoy","0","v","Golf Retailing, dic-2022","https://www.golfretailing.com/news/homa-relies-on-his-premiere-series-golf-shoes-pure-touch-glove-and-full-line-footjoy-apparel-to-win-africas-major/","Ropa y calzado FootJoy de línea completa (Nedbank, dic-2022). Para 2025 dejó FootJoy por Lululemon (ropa) y Puma (calzado), según Golf Monthly (ene-2025).","OWGR","2","busqueda"
"golf","M","2023","8","Matt Fitzpatrick","Castore","0","h","Golf Business News, mar-2022","https://golfbusinessnews.com/news/sponsorship-and-events/fitzpatrick-signs-apparel-deal-with-castore/","Contrato plurianual con Castore desde mar-2022. Un resumen de la ronda anterior dice que vistió Greyson en el Sentry 2023, sin confirmar. Calzado Skechers.","OWGR","0","busqueda"
"golf","M","2023","9","Brian Harman","B.Draddy","0","h","Sportskeeda, 2023 (sin fecha visible)","https://www.sportskeeda.com/golf/news-brian-harman-sponsors-list-brands-endorsing-american-golfer-explored","Anunció a inicios de 2023 su alianza con Zero Restriction y B.Draddy (Summit Golf Brands); ganó el Open 2023. Antes, Columbia. Fecha del artículo no visible.","OWGR","2","busqueda"
"golf","M","2023","10","Wyndham Clark","Municipal","0","h","Golf Monthly, jun-2026","https://www.golfmonthly.com/tour/wyndham-clark-whats-in-the-bag-us-open-2026","Ropa Municipal desde 2023, según una fuente de 2026. Calzado FootJoy.","OWGR","0","busqueda"
"golf","M","2024","1","Scottie Scheffler","Nike","1","v","GolfGETUP","https://www.golfgetup.com/who-are-the-current-nike-golfers/","","OWGR","",""
"golf","M","2024","2","Xander Schauffele","Descente","0","v","Golf Monthly, 2024","https://www.golfmonthly.com/news/xander-schauffeles-clothing-his-new-sponsor-for-2024","Ropa Descente desde 2024; calzado Adidas","OWGR","",""
"golf","M","2024","3","Rory McIlroy","Nike","1","v","GolfGETUP","https://www.golfgetup.com/who-are-the-current-nike-golfers/","","OWGR","",""
"golf","M","2024","4","Collin Morikawa","Adidas","0","h","Golf Monthly, 2025","https://www.golfmonthly.com/gear/gear-news/collin-morikawa-whats-in-the-bag-192019","Contrato plurianual de ropa y calzado con Adidas desde 2019, aún vigente según la actualización de 2025. Sin fuente fechada en 2023-2024 que nombre el contrato.","OWGR","2",""
"golf","M","2024","5","Ludvig Åberg","Adidas","0","v","Golf Monthly, jun-2023","https://www.golfmonthly.com/news/former-world-no1-amateur-ludvig-aberg-signs-multi-year-deal-with-adidas","Contrato plurianual con Adidas (ropa, gorra y calzado) desde el 22-jun-2023. Un resumen de búsqueda menciona además un acuerdo con J.Lindeberg, sin confirmar.","OWGR","2",""
"golf","M","2024","6","Hideki Matsuyama","Srixon","0","h","Golf Monthly, sin fecha","https://golfmonthly.com/best-golf-deals/what-is-hideki-matsuyama-wearing-228515","Su contrato de ropa, como el de palos y bola, es con Srixon (Dunlop), pero las camisas las fabrica Descente. Calzado Asics. Sin fuente fechada en 2023-2024.","OWGR","2","busqueda"
"golf","M","2024","7","Wyndham Clark","Municipal","0","h","Golf Monthly, jun-2026","https://www.golfmonthly.com/tour/wyndham-clark-whats-in-the-bag-us-open-2026","Ropa Municipal desde 2023, según una fuente de 2026. Calzado FootJoy.","OWGR","0","busqueda"
"golf","M","2024","8","Viktor Hovland","J.Lindeberg","0","h","","","Conocimiento previo sin fuente.","OWGR","0","busqueda"
"golf","M","2024","9","Tommy Fleetwood","Nike","1","h","SponsorUnited, abr-2026","https://www.sponsorunited.com/insights/masters-week-sponsorship-season-2026","Su contrato de ropa con Nike terminó en ene-2026, así que en 2024 seguía vigente. No hallé la fuente de la firma.","OWGR","0","busqueda"
"golf","M","2024","10","Bryson DeChambeau","Sin contrato","0","h","Stitch Golf, jun-2024","https://stitchgolf.com/blogs/a/bryson-dechambeau-apparel-partner-celebrates-2024-us-open-win","Stitch Golf fue proveedor oficial de todo el equipo Crushers GC (LIV) desde feb-2024: es uniforme de equipo y no cuenta (regla 4). Reebok lo reemplazó en 2025, también como acuerdo de equipo. Fuente: búsqueda del usuario en Google, sin URL; pendiente confirmar.","OWGR","2","pagina"
"golf","M","2025","1","Scottie Scheffler","Nike","1","h","MyGolfSpy, feb-2026","https://mygolfspy.com/news-opinion/five-of-the-top-10-golfers-in-the-world-wear-nike-shoes/","Atleta Nike según una fuente de feb-2026, posterior al corte.","OWGR","0","busqueda"
"golf","M","2025","2","Rory McIlroy","Nike","1","h","MyGolfSpy, feb-2026","https://mygolfspy.com/news-opinion/five-of-the-top-10-golfers-in-the-world-wear-nike-shoes/","Contrato Nike desde 2013; vigente en feb-2026.","OWGR","0","busqueda"
"golf","M","2025","3","Tommy Fleetwood","Nike","1","h","SponsorUnited, abr-2026","https://www.sponsorunited.com/insights/masters-week-sponsorship-season-2026","Su contrato de ropa con Nike terminó en ene-2026, así que en 2025 seguía vigente.","OWGR","0","busqueda"
"golf","M","2025","4","Xander Schauffele","Descente","0","v","Golf Monthly, 2024","https://www.golfmonthly.com/news/xander-schauffeles-clothing-his-new-sponsor-for-2024","Ropa Descente desde 2024, que es el año anterior al corte. Calzado Adidas.","OWGR","0","busqueda"
"golf","M","2025","5","Russell Henley","n.d.","0","n","MyGolfSpy, feb-2026","https://mygolfspy.com/news-opinion/five-of-the-top-10-golfers-in-the-world-wear-nike-shoes/","Tres búsquedas sin ropa identificada. Solo consta su calzado FootJoy (MyGolfSpy, feb-2026). Synovus/Pinnacle es un banco que patrocina su gorra, no marca de ropa. En la Ryder 2025 vistió el uniforme del equipo (Polo RLX).","OWGR","3","busqueda"
"golf","M","2025","6","J.J. Spaun","Puma","0","v","Driving Range Heroes (nota de Puma), jun-2025","https://drivingrangeheroes.com/major-championship-major-style-jj-spaun-captures-2025-u-s-open-with-puma-golf/","Ganó el US Open 2025 vestido de Puma; Spaun llama ""partners"" a Puma y la marca lo celebra. Ya vestía Puma al ganar el Valero 2022. The Golf Wire lo llama ""PUMA Golf Tour ambassador"".","OWGR","2","pagina"
"golf","M","2025","7","Robert MacIntyre","Nike","1","v","Worldwide Golf, jun-2025","https://worldwide.golf/equipment/robert-macintyre-whats-in-the-bag-2025/","Contrato plurianual de ropa y calzado con Nike anunciado el 24-dic-2021 (Bounce Sport/Bunkered); en 2025 sigue con ropa y calzado Nike (Worldwide Golf). Contrato vigente.","OWGR","3","pagina"
"golf","M","2025","8","Ben Griffin","Holderness & Bourne","0","h","Holderness & Bourne, 2025","https://holdernessandbourne.com/pages/ben-griffin-2025-zurich-classic","Embajador oficial de Holderness & Bourne desde 2022, según la propia marca en su página sobre el Zurich 2025. Fuente de la marca, no un medio.","OWGR","1","pagina"
"golf","M","2025","9","Justin Thomas","Greyson","0","v","AOL (reproduce nota de prensa), 2026","https://www.aol.com/articles/justin-thomas-quietly-made-drastic-095500465.html","Embajador de Greyson desde 2022; su contrato venció a fines de 2025 y en 2026 apareció sin logo. Firma: Golf Magic (mar-2022). Calzado FootJoy.","OWGR","1","busqueda"
"golf","M","2025","10","Justin Rose","Bonobos","0","h","Golf Monthly, sin fecha","https://golfmonthly.com/best-golf-deals/what-is-justin-rose-wearing-227737","Embajador de Bonobos desde ene-2019 (Fashion United); la última referencia fechada es una campaña de 2022 (Shorty Awards). Golf Monthly (sin fecha) dice que viste el polo Justin Rose de Bonobos. No hallé fuente de 2024-2025. Palos: agente libre.","OWGR","3","busqueda"
"golf","M","2026","1","Scottie Scheffler","Nike","1","v","MyGolfSpy, feb-2026","https://mygolfspy.com/news-opinion/five-of-the-top-10-golfers-in-the-world-wear-nike-shoes/","","OWGR","",""
"golf","M","2026","2","Rory McIlroy","Nike","1","v","MyGolfSpy, feb-2026","https://mygolfspy.com/news-opinion/five-of-the-top-10-golfers-in-the-world-wear-nike-shoes/","","OWGR","",""
"golf","M","2026","3","Cameron Young","Peter Millar","0","v","Golf Business News, 2025","https://golfbusinessnews.com/news/sponsorship-and-events/peter-millar-unveils-tour-staff-team-for-2025/","Encabeza el tour staff de Peter Millar para 2025. iCapital, Empower, Mastercard y MLB son logos en la ropa, no la marca de la ropa. No se halló fuente de 2026.","OWGR","2",""
"golf","M","2026","4","Matt Fitzpatrick","n.d.","0","n","Golf Business News, mar-2022","https://golfbusinessnews.com/news/sponsorship-and-events/fitzpatrick-signs-apparel-deal-with-castore/","Fuentes en conflicto. A favor de Castore: contrato plurianual de ropa firmado en mar-2022. A favor de Skechers: resúmenes de búsqueda de 2026, que citan a Today's Golfer (WITB ago-2026), dicen 'ropa y calzado Skechers', pero no pude abrir la fuente. A favor de Greyson: un resumen dice que vistió Greyson en el Sentry 2023. Contrato de calzado con Skechers confirmado desde mar-2022.","OWGR","4",""
"golf","M","2026","5","Wyndham Clark","Municipal","0","v","Golf Monthly, jun-2026","https://www.golfmonthly.com/tour/wyndham-clark-whats-in-the-bag-us-open-2026","Ropa Municipal (marca de Mark Wahlberg) desde 2023; la vistió en el Masters y el US Open 2026. Calzado FootJoy.","OWGR","2",""
"golf","M","2026","6","Russell Henley","FootJoy","0","v","MyGolfSpy, feb-2026","https://mygolfspy.com/news-opinion/five-of-the-top-10-golfers-in-the-world-wear-nike-shoes/","Solo calzado; ropa no determinada","OWGR","",""
"golf","M","2026","7","Chris Gotterup","Nike","1","v","MyGolfSpy, feb-2026","https://mygolfspy.com/news-opinion/five-of-the-top-10-golfers-in-the-world-wear-nike-shoes/","","OWGR","",""
"golf","M","2026","8","Sam Burns","Peter Millar","0","v","FashionNetwork, ene-2026","https://ww.fashionnetwork.com/news/Peter-millar-names-sam-burns-as-brand-ambassador,1800548.html","Embajador de Peter Millar desde ene-2026; en 2025 vestía Travis Mathew. Calzado Payntr desde inicios de 2026.","OWGR","3",""
"golf","M","2026","9","Tommy Fleetwood","Sin contrato","0","v","SponsorUnited, abr-2026","https://www.sponsorunited.com/insights/masters-week-sponsorship-season-2026","Contrato de ropa Nike terminó en ene-2026","OWGR","",""
"golf","M","2026","10","Xander Schauffele","Descente","0","v","Golf Monthly, 2024","https://www.golfmonthly.com/news/xander-schauffeles-clothing-his-new-sponsor-for-2024","Calzado Adidas","OWGR","",""
"nfl","M","2015","1","Aaron Rodgers","Nike","1","v","Fortune, sep-2015","https://fortune.com/2015/09/10/aaron-rodgers-adidas","31 votos de primer lugar. Al anunciarse el premio era atleta Nike: Fortune (sep-2015) dice que Adidas lo fichó 'quitándole a Nike una de las estrellas más valoradas'. Corroborado por Fox News (sep-2015), que anuncia el acuerdo plurianual con Adidas.","MVP AP (votación)","2","pagina"
"nfl","M","2015","2","J.J. Watt","Nike","1","v","ABC13, abr-2015","https://abc13.com/post/reebok-signs-texans-star-jj-watt-to-endorsement-deal/655052/","13 votos. ABC13 (13-abr-2015): firmó con Reebok; Nike le había hecho el 'Mega Watt' en 2013, 'demasiado poco y demasiado tarde'. La nota da a entender que era atleta Nike antes de Reebok, pero no precisa si el contrato con Nike seguía vigente en ene-2015.","MVP AP (votación)","1","pagina"
"nfl","M","2015","3","DeMarco Murray","Adidas","0","v","Fox News, sep-2015","https://www.foxnews.com/sports/packers-qb-aaron-rodgers-to-promote-adidas-products","2 votos (empate 3.º). Fox News (sep-2015) lo nombra en el roster de atletas NFL de Adidas. SGB (abr-2011) ya lo listaba en el roster de Adidas desde Oklahoma: relación vigente de 2011 a 2015, así que ene-2015 es v.","MVP AP (votación)","3","pagina"
"nfl","M","2015","3","Tony Romo","Sin contrato","0","v","SI, ago-2015","https://www.si.com/nfl/2015/08/05/tony-romo-signs-under-armour-endorsement-deal","2 votos (empate 3.º). SI (5-ago-2015): 'agente libre de patrocinio desde 2013, cuando expiró su contrato con Starter'; pasó dos años sin patrocinador oficial (usaba cleats Nike con el logo pintado) hasta firmar con Under Armour en ago-2015.","MVP AP (votación)","1","pagina"
"nfl","M","2015","5","Tom Brady","Under Armour","0","v","Boston Globe, jun-2015","https://www.bostonglobe.com/business/2015/06/10/under-armour-protects-tom-brady/JgN1YSerq75AyTRd8A5ifM/story.html","1 voto (empate 5.º). Boston Globe (jun-2015): patrocinado por Under Armour 'desde 2010', con acciones de UA como parte del acuerdo.","MVP AP (votación)","1","pagina"
"nfl","M","2015","5","Bobby Wagner","n.d.","0","n","","","1 voto (empate 5.º). Tras 4 búsquedas solo hay sitios de patrimonio neto sin fecha que lo asocian a Nike (y a Adidas). Firmó con Jordan Brand en sep-2018 (Sneaker Freaker), sin dato del contrato anterior.","MVP AP (votación)","4","busqueda"
"nfl","M","2018","1","Tom Brady","Under Armour","0","h","MediaPost, 2010","https://www.mediapost.com/publications/article/139127/","40 votos. Contrato con Under Armour desde 2010; sin fuente de 2017-18 que confirme vigencia, aunque siguió con la marca hasta su retiro.","MVP AP (votación)","1","busqueda"
"nfl","M","2018","2","Todd Gurley","Nike","1","h","DawgNation, s/f","https://www.dawgnation.com/football/todd-gurley-embraces-move-to-l-a-where-he-could-become-megastar","8 votos. Un resumen dice que firmó con Nike en abr-2016. Otro resumen (sitio no identificable) menciona un contrato con Under Armour en 2016; no verificado.","MVP AP (votación)","2","busqueda"
"nfl","M","2018","3","Carson Wentz","Nike","1","h","Inforum, 2016","https://www.inforum.com/sports/nike-signs-carson-wentz-to-promotional-contract","2 votos. Nike lo firmó en 2016 (contrato de promoción); un resumen no verificado habla de 4 años (2016-2020).","MVP AP (votación)","1","busqueda"
"nfl","M","2021","1","Aaron Rodgers","Adidas","0","h","Fortune, sep-2015","https://fortune.com/2015/09/10/aaron-rodgers-adidas","44 votos. Contrato plurianual con Adidas desde sep-2015; sin fuente de 2020-21 que confirme vigencia.","MVP AP (votación)","1","busqueda"
"nfl","M","2021","2","Josh Allen","Nike","1","h","CNBC, sep-2025","https://www.cnbc.com/2025/09/05/nfl-mvp-josh-allen-nike-new-balance.html","4 votos. CNBC indica que fue atleta Nike de 2018 a 2025; no hay fuente fechada en 2020-21.","MVP AP (votación)","0","busqueda"
"nfl","M","2021","3","Patrick Mahomes","Adidas","0","v","TSN, ago-2021","https://www.tsn.ca/1.1682465","2 votos. Atleta Adidas desde 2017; lanzó su zapatilla Mahomes 1 Impact FLX en ago-2021. Corroborado por KCTV5 (nov-2025, extensión: 'adidas desde 2017').","MVP AP (votación)","1","busqueda"
"nfl","M","2022","1","Aaron Rodgers","Adidas","0","h","Fortune, sep-2015","https://fortune.com/2015/09/10/aaron-rodgers-adidas","39 votos. Contrato plurianual con Adidas desde 2015; sin fuente de 2021-22 que confirme vigencia.","MVP AP (votación)","1","busqueda"
"nfl","M","2022","2","Tom Brady","Under Armour","0","h","MediaPost, 2010","https://www.mediapost.com/publications/article/139127/","10 votos. Under Armour desde 2010; sin fuente fechada en 2021-22.","MVP AP (votación)","1","busqueda"
"nfl","M","2022","3","Cooper Kupp","Under Armour","0","h","Sitio sin identificar, s/f","https://www.whatproswear.com/lockers/cooper-kupp/","1 voto. Resúmenes de sitios poco fiables dicen que firmó con Under Armour (ropa y fitness) en 2020, pero usaba tacos Nike Vapor Edge en 2021. Sin fuente fechada.","MVP AP (votación)","2","busqueda"
"nfl","M","2023","1","Patrick Mahomes","Adidas","0","v","KCTV5, nov-2025","https://www.kctv5.com/2025/11/26/mahomes-signs-multi-year-extension-with-adidas","490 pts, 48 primeros lugares. Firmó con Adidas en 2017 y renovó en 2025 ('adidas desde 2017'): vigente en el corte por firma más fuente posterior.","MVP AP (votación)","1","busqueda"
"nfl","M","2023","2","Jalen Hurts","Jordan","1","h","CBS Sports, ago-2023","https://www.cbssports.com/nfl/news/eagles-jalen-hurts-signs-with-jordan-brand-after-donning-the-jumpman-throughout-2022-nfl-season","193 pts. En la temporada 2022 usó tacos Jordan en todos los partidos, pero firmó el contrato formal con Jordan recién en ago-2023 (corroborado por SI y Sportico). Al anunciarse el premio solo hay evidencia de uso.","MVP AP (votación)","1","busqueda"
"nfl","M","2023","3","Josh Allen","Nike","1","h","CNBC, sep-2025","https://www.cnbc.com/2025/09/05/nfl-mvp-josh-allen-nike-new-balance.html","151 pts. CNBC indica que fue atleta Nike de 2018 a 2025; no hay fuente fechada en 2022-23.","MVP AP (votación)","0","busqueda"
"nfl","M","2023","4","Joe Burrow","Nike","1","h","Sportskhabri, s/f","https://sportskhabri.com/joe-burrows-sponsors-and-brand-endorsements/","4.º (puntos no publicados en los resúmenes). Nike; zapatilla 'Joe Burrow 1' en 2022 según un sitio poco fiable y sin fecha.","MVP AP (votación)","2","busqueda"
"nfl","M","2023","5","Justin Jefferson","Under Armour","0","h","Saturday Down South, s/f","https://www.saturdaydownsouth.com/?p=282152","5.º (puntos no publicados en los resúmenes). Firmó un contrato plurianual con Under Armour en abr-2020, dejando Nike; sin fuente de 2022-23 que confirme vigencia.","MVP AP (votación)","1","busqueda"
"nfl","M","2024","1","Lamar Jackson","Nike","1","h","Soapcentral (Sportskeeda), s/f","https://charlie-www.soapcentral.com/nfl/lamar-jackson-net-worth","493 pts, 49 primeros lugares. Fuente poco fiable y contradictoria: dice que firmó con Nike antes de llegar a los Ravens, pero también menciona Under Armour y Puma. Nike es conocimiento previo; sin confirmar.","MVP AP (votación)","1","busqueda"
"nfl","M","2024","2","Dak Prescott","Jordan","1","h","Sportico, 2021","https://www.sportico.com/business/sponsorship/2021/dak-prescott-jumps-jordan-brand-1234631761/","152 pts. Dejó Adidas y firmó 5 años con Jordan en 2021 (corroborado por CBS Sports y Fox Business); el corte cae dentro de ese plazo, pero la fuente tiene más de 2 años.","MVP AP (votación)","1","busqueda"
"nfl","M","2024","3","Christian McCaffrey","Nike","1","h","Forbes, ago-2025","https://www.forbes.com/sites/timcasey/2025/08/25/49ers-star-christian-mccaffrey-secures-equity-stake-in-startup-footwear-company/","147 pts. Forbes indica un contrato Nike de 2017 a 2025, que dejó expirar; no hay fuente fechada en 2023-24.","MVP AP (votación)","0","busqueda"
"nfl","M","2024","4","Brock Purdy","n.d.","0","n","","","97 pts. Su primer contrato de calzado conocido es con Ariat (botas western y de trabajo), anunciado en sep-2024, después del corte. No hay evidencia de un contrato antes de feb-2024.","MVP AP (votación)","2","busqueda"
"nfl","M","2024","5","Josh Allen","Nike","1","h","CNBC, sep-2025","https://www.cnbc.com/2025/09/05/nfl-mvp-josh-allen-nike-new-balance.html","80 pts. CNBC indica que fue atleta Nike de 2018 a 2025; no hay fuente fechada en 2023-24.","MVP AP (votación)","0","busqueda"
"nfl","M","2025","1","Josh Allen","Nike","1","v","CNBC, sep-2025","https://www.cnbc.com/2025/09/05/nfl-mvp-josh-allen-nike-new-balance.html","383 pts, 27 primeros lugares. Seguía con Nike (2018-2025) al ganar el MVP; se fue a New Balance en sep-2025.","MVP AP (votación)","0","busqueda"
"nfl","M","2025","2","Lamar Jackson","Nike","1","h","Soapcentral (Sportskeeda), s/f","https://charlie-www.soapcentral.com/nfl/lamar-jackson-net-worth","362 pts. Igual que en 2024: fuente contradictoria (Nike / Under Armour / Puma); Nike es conocimiento previo, sin confirmar.","MVP AP (votación)","1","busqueda"
"nfl","M","2025","3","Saquon Barkley","Nike","1","h","Complex, ago-2025","https://www.complex.com/sneakers/a/brendan-frederick/saquon-barkley-sneaker-shopping-2025-recap","120 pts. Firmó con Nike en 2018 (4 años; SportsAgentBlog). En 2025 contó en Complex que tenía una 'situación de contrato' con Nike; no queda claro si es una renovación vigente.","MVP AP (votación)","1","busqueda"
"nfl","M","2025","4","Joe Burrow","Nike","1","h","Sportskhabri, s/f","https://sportskhabri.com/joe-burrows-sponsors-and-brand-endorsements/","82 pts. Un sitio poco fiable y sin fecha lo da como atleta Nike, con un contrato de 2020 y la zapatilla 'Joe Burrow 1' (2022).","MVP AP (votación)","0","busqueda"
"nfl","M","2025","5","Jared Goff","Nike","1","h","AthleteSpeakers, abr-2016","https://www.athletespeakers.com/blog/potential-number-one-overall-pick-jared-goff-signs-endorsement-deal-with-nike","47 pts. Nike lo firmó antes del Draft 2016; sin fuente reciente que confirme vigencia.","MVP AP (votación)","1","busqueda"
"nfl","M","2026","1","Matthew Stafford","Nike","1","h","Sportskeeda, s/f","https://sportskeeda.com/nfl/how-much-matthew-stafford-earn-endorsements-breaking-rams-qb-s-earnings","366 pts, 24 primeros lugares. Sportskeeda (sin fecha) y un extracto que cita a Forbes 2025 lo nombran atleta Nike; no se pudo abrir ninguna de las dos páginas.","MVP AP (votación)","3",""
"nfl","M","2026","2","Drake Maye","Nike","1","v","Boston Globe, feb-2026","https://www.bostonglobe.com/2026/02/04/sports/drake-maye-marketing-endorsements/","361 pts, 23 primeros lugares. Boston Globe (feb-2026) y PFN nombran a Nike entre sus patrocinadores.","MVP AP (votación)","2",""
"nfl","M","2026","3","Josh Allen","New Balance","0","v","CNBC, sep-2025","https://www.cnbc.com/2025/09/05/nfl-mvp-josh-allen-nike-new-balance.html","91 pts, 2 primeros lugares. Dejó Nike (2018-2025) y firmó con New Balance en sept-2025.","MVP AP (votación)","1",""
"nfl","M","2026","4","Christian McCaffrey","While On Earth","0","v","Forbes, ago-2025","https://www.forbes.com/sites/timcasey/2025/08/25/49ers-star-christian-mccaffrey-secures-equity-stake-in-startup-footwear-company/","71 pts. Dejó expirar su contrato Nike (2017-2025) y entró a While On Earth como inversor y cofundador, con su zapatilla 'The CMC'. Es participación accionaria, no patrocinio clásico.","MVP AP (votación)","1",""
"nfl","M","2026","5","Trevor Lawrence","Adidas","0","h","Yahoo Sports, abr-2021","https://sports.yahoo.com/trevor-lawrence-endorsement-deal-adidas-235204822.html","49 pts. Contrato plurianual con Adidas firmado en 2021; no hay fuente de 2025-26 que confirme que sigue vigente.","MVP AP (votación)","1",""
"beisbol","M","2015","1","Bryce Harper","Under Armour","0","v","MLB.com, may-2016","https://mlb.com/news/under-armour-extends-bryce-harper-endorsement-c175959126","Con Under Armour desde 2011; en may-2016 extendió 10 años (el mayor contrato de patrocinio del béisbol). La nota de 2016 dice que UA ya lo patrocinaba hacía cinco años, lo que cubre 2015. Corroborado por ABC/ESPN.","Criterio propio (provisional)","2","busqueda"
"beisbol","M","2015","2","Josh Donaldson","Nike","1","h","What Pros Wear, sin fecha","https://www.whatproswear.com/josh-donaldson-reveals-new-swingman-cleats/","Solo evidencia de uso: Nike Kyrie 1 personalizadas en el All-Star 2015 y Nike Swingman en 2016. No se encontró anuncio de contrato.","Criterio propio (provisional)","2","busqueda"
"beisbol","M","2015","3","Mike Trout","Nike","1","v","Sports Business Daily, sep-2015","https://www.sportsbusinessdaily.com/Daily/Issues/2015/09/14/Marketing-and-Sponsorship/Trout-Nike.aspx","Atleta Nike; en 2014 lanzó el Lunar Vapor Trout, el primer calzado de firma de Nike para un pelotero desde Griffey Jr. (CBS, jun-2014).","Criterio propio (provisional)","1","busqueda"
"beisbol","M","2015","4","Paul Goldschmidt","Nike","1","h","What Pros Wear, sin fecha","https://www.whatproswear.com/what-pros-wear-paul-goldschmidt-bat-batting-gloves-cleats-guard","Solo evidencia de uso (Nike Air Huarache). No se halló contrato de calzado; su patrocinio conocido es Chef's Cut Jerky.","Criterio propio (provisional)","2","busqueda"
"beisbol","M","2015","5","Lorenzo Cain","Adidas","0","h","What Pros Wear, sin fecha","https://www.whatproswear.com/the-cleatheads-are-coming-adidas-making-its-mark-on-baseball/","Adidas lo incluye entre sus fichajes de 2015 y le hizo unas Afterburner temáticas. Contradicción: el Salón de la Fama conserva las zapatillas Under Armour que usó en la Serie Mundial 2015 (https://collection.baseballhall.org/objects/3352/lorenzo-cain-world-series-shoes).","Criterio propio (provisional)","3","busqueda"
"beisbol","M","2018","1","Christian Yelich","Under Armour","0","v","Fox Business, nov-2018","https://foxbusiness.com/features/mlb-mvps-mookie-betts-christian-yelich-are-budding-business-stars","Fox Business (tras el MVP 2018) cita patrocinios con Louisville Slugger, Steiner, Under Armour y T-Mobile. Otros resultados lo vinculan a Nike desde 2021 (usó tacos Nike personalizados).","Criterio propio (provisional)","2","busqueda"
"beisbol","M","2018","2","Mookie Betts","Jordan","1","v","Fox Business, nov-2018","https://foxbusiness.com/features/mlb-mvps-mookie-betts-christian-yelich-are-budding-business-stars","Atleta de Jordan Brand (calzado, ropa y tacos); dejó Under Armour en un spring training. Las fuentes no coinciden en el año de firma: 2015 o tras la temporada 2016. Ver también MLB.com: https://www.mlb.com/news/mookie-betts-jordan-brand-deal-origin","Criterio propio (provisional)","2","busqueda"
"beisbol","M","2018","3","Mike Trout","Nike","1","h","Sports Business Daily, sep-2015","https://www.sportsbusinessdaily.com/Daily/Issues/2015/09/14/Marketing-and-Sponsorship/Trout-Nike.aspx","Línea de firma Nike (Lunar Trout 2 y 3). No se halló una fuente fechada en 2017-2018 por falta de búsquedas; la fuente tiene más de 2 años.","Criterio propio (provisional)","1","busqueda"
"beisbol","M","2018","4","Javier Báez","Nike","1","h","The Comeback, sin fecha","https://amp.thecomeback.com/mlb/nike-wont-let-javy-baez-wear-the-cleats-he-wants-to-wear.html","La nota dice que tiene contrato de calzado con Nike, que le reclamó por usar tacos adaptados. En 2018 usó Nike Alpha Huarache Elite según What Pros Wear. La fuente no tiene fecha.","Criterio propio (provisional)","2","busqueda"
"beisbol","M","2018","5","José Ramírez","Nike","1","h","What Pros Wear, sin fecha","https://www.whatproswear.com/position/third-base/page/12","Solo evidencia de uso: tacos Nike Vapor Ultrafly Elite 2 PE. No se halló anuncio de contrato.","Criterio propio (provisional)","1","busqueda"
"beisbol","M","2021","1","Shohei Ohtani","Asics","0","v","Formula4 Media, ene-2023","https://www.formula4media.com/articles/nb-signs-mlb-superstar-ohtani","Patrocinado por Asics desde 2014 (NPB) hasta ene-2023, cuando firmó con New Balance tras ocho años con Asics. Usó Asics en el All-Star 2021 (Salón de la Fama). Es v por contrato plurianual: firma en 2014 y la fuente de 2023 confirma que seguía vigente.","Criterio propio (provisional)","1","busqueda"
"beisbol","M","2021","2","Bryce Harper","Under Armour","0","v","MLB.com, may-2016 + Central Bucks News, ene-2026","https://mlb.com/news/under-armour-extends-bryce-harper-endorsement-c175959126","Extensión de 10 años firmada en 2016; en ene-2026 se habla de 15 años seguidos con UA, así que en 2021 seguía vigente. OJO: no hay evidencia de un cambio a New Balance en 2022; el contrato venció a fines de 2025 y renovó con UA en ene-2026. Fuente 2026: https://centralbucksnews.com/news/2026/jan/10/footwear-free-agent-bryce-harper-no-longer-with-under-armour-after-15-year-partnership","Criterio propio (provisional)","2","busqueda"
"beisbol","M","2021","3","Juan Soto","Under Armour","0","v","McPherson Spectator, mar-2025","https://spectator.mcpherson.edu/2025/03/juan-soto-hit-a-home-run-with-new-under-armour-deal/","Con Under Armour desde feb-2018 y nuevo contrato en 2025: el contrato seguía vigente en 2021.","Criterio propio (provisional)","1","busqueda"
"beisbol","M","2021","4","Vladimir Guerrero Jr.","Jordan","1","h","MLB.com, 2021 (fecha no verificada)","https://www.mlb.com/news/vladimir-guerrero-jr-kobe-inspired-cleats","Un resultado de búsqueda dice que firmó con Jordan en el verano de 2021, pero no se identificó el medio. La nota de MLB.com y TMZ (ago-2021) muestran tacos Jordan en homenaje a Kobe: es evidencia de uso. Se agotó el cupo de búsquedas antes de confirmarlo.","Criterio propio (provisional)","1","busqueda"
"beisbol","M","2021","5","Fernando Tatis Jr.","Adidas","0","v","Complex, ago-2022","https://www.complex.com/sneakers/a/brandon-richard/adidas-fernando-tatis-jr-partnership-terminated-ped-suspension","Firmó con Adidas en 2020; Adidas rompió el contrato en ago-2022 tras su suspensión por PED. Es v por contrato plurianual: firma en 2020 y fin en 2022. Después ha usado Jordan sin contrato.","Criterio propio (provisional)","1","busqueda"
"beisbol","M","2022","1","Aaron Judge","Sin contrato","0","h","Complex, 2023","https://www.complex.com/sneakers/a/victor-deng/aaron-judge-signs-with-jordan-brand","Con Adidas desde 2018; en jun-2022 confirmó que era agente libre de calzado. En su temporada MVP 2022 no tenía contrato y usó cleats New Balance con el logo tapado. Fuente de 2023 (posterior al corte) sobre un hecho de jun-2022; corroborado por SI (resumen de búsqueda). House of Heat dice que 'mostró cleats New Balance' en 2022 (uso, no contrato). Versión opuesta: un resumen de Google consultado por el usuario lo lista con Adidas en 2022. No resuelto.","Criterio propio (provisional)","1","pagina"
"beisbol","M","2022","2","Paul Goldschmidt","Nike","1","h","What Pros Wear, sin fecha","https://www.whatproswear.com/what-pros-wear-paul-goldschmidt-bat-batting-gloves-cleats-guard","Solo evidencia de uso (Nike Alpha Huarache Elite 4). No se halló contrato.","Criterio propio (provisional)","0","busqueda"
"beisbol","M","2022","3","Manny Machado","Jordan","1","h","Boston Globe, mar-2019","https://www.bostonglobe.com/sports/redsox/2019/03/21/mookie-betts-style-stands-out-and-off-field/C54uGU0R5CfaxPHgEMAdOK/story.html","Un resultado sobre Betts lo cita entre los pocos peloteros de Jordan Brand (junto a Betts, Price y Sabathia). La fuente tiene más de 2 años y no se verificó 2022 porque se agotó el cupo.","Criterio propio (provisional)","0","busqueda"
"beisbol","M","2022","4","Shohei Ohtani","Asics","0","v","Formula4 Media, ene-2023","https://www.formula4media.com/articles/nb-signs-mlb-superstar-ohtani","Ocho años con Asics (2014 a ene-2023), luego New Balance. En 2022 seguía con Asics. Corroborado por Bleacher Report (ene-2023).","Criterio propio (provisional)","0","busqueda"
"beisbol","M","2022","5","Yordan Alvarez","Adidas","0","h","Sports Illustrated, feb-2024","https://www.si.com/fannation/sneakers/news/yordan-alvarez-signs-footwear-deal-with-nike","Empatado en el 5.º lugar. SI (feb-2024, al firmar con Nike) dice que 'había usado adidas' desde 2019; no confirma contrato con Adidas, solo uso. La página ya no abre (410).","Criterio propio (provisional)","2","busqueda"
"beisbol","M","2022","5","Nolan Arenado","Nike","1","h","Sports Illustrated, ene-2019","https://www.si.com/mlb/2019/01/25/nike-mlb-deal-uniforms-footwear-fanatics-2020","Empatado en el 5.º lugar. SI (ene-2019) lo nombra entre los jugadores con contrato de patrocinio con Nike. Fuente con más de 2 años; en jun-2022 MLB.com ('Kickin' It', video) muestra sus cleats personalizados hechos por Nike (uso).","Criterio propio (provisional)","2","pagina"
"beisbol","M","2023","1","Shohei Ohtani","New Balance","0","v","Formula4 Media, ene-2023","https://www.formula4media.com/articles/nb-signs-mlb-superstar-ohtani","Contrato plurianual de calzado y ropa con New Balance firmado en ene-2023. Corroborado por Bleacher Report y AOL.","Criterio propio (provisional)","1","busqueda"
"beisbol","M","2023","2","Ronald Acuña Jr.","Nike","1","v","La Opinión, abr-2023","https://laopinion.com/2023/04/15/el-venezolano-ronald-acuna-jr-es-la-nueva-imagen-de-nike-en-las-grandes-ligas/","'Nueva imagen principal de la marca Nike en las Grandes Ligas' (abr-2023). Corroborado por SI y Remezcla (cara de Nike Underwear, 2025) y logo y colección propia con Nike.","Criterio propio (provisional)","1","pagina"
"beisbol","M","2023","3","Mookie Betts","Jordan","1","v","Sports Illustrated, 2025","https://www.si.com/fannation/sneakers/news/the-10-best-cleats-of-the-2025-mlb-season-ranked","Atleta de Jordan Brand desde 2015-2016. La fuente de 2025 (atletas.csv) muestra que seguía vigente, así que 2023 es v por contrato plurianual. Fox LA: Jordan le hizo una camiseta conmemorativa de la Serie Mundial.","Criterio propio (provisional)","0","busqueda"
"beisbol","M","2023","4","Corey Seager","Adidas","0","h","Sportskeeda, 2024","https://www.sportskeeda.com/baseball/corey-seager-net-worth","Resúmenes de búsqueda de sitios de patrimonio neto (Sportskeeda 2024, bookingagentinfo) lo listan como embajador de Adidas desde oct-2021; bookingagentinfo menciona también un acuerdo con Nike de 2018. No se halló anuncio de un medio; Sportskeeda devolvió 403.","Criterio propio (provisional)","3","busqueda"
"beisbol","M","2023","5","Freddie Freeman","Under Armour","0","h","Under Armour (comunicado), nov-2025","https://about.underarmour.com/fr/stories/2025/11/freddie-freeman-does-it-again-.html","UA lo felicita como atleta propio tras el título de 2025; Complex (2013) ya lo mostraba con cleats UA y la web de UA lo describe como 'Under Armour athlete' (sin fecha). Relación larga, pero sin fuente fechada en 2022-2023. La página de UA devolvió 404.","Criterio propio (provisional)","2","busqueda"
"beisbol","M","2024","1","Aaron Judge","Jordan","1","v","Hypebeast, ago-2023 + Sports Illustrated, 2025","https://hypebeast.com/2023/8/aaron-judge-jordan-brand-endorsement-deal-shoe-contract","Firmó con Jordan Brand en 2023; la fuente de 2025 (atletas.csv) muestra que seguía vigente.","Criterio propio (provisional)","0","busqueda"
"beisbol","M","2024","2","Shohei Ohtani","New Balance","0","v","Formula4 Media, ene-2023 + Sports Illustrated, 2025","https://www.formula4media.com/articles/nb-signs-mlb-superstar-ohtani","Contrato plurianual firmado en ene-2023; la fuente de 2025 (atletas.csv) muestra que seguía vigente.","Criterio propio (provisional)","0","busqueda"
"beisbol","M","2024","3","Bobby Witt Jr.","Under Armour","0","h","Under Armour (comunicado), jun-2026","https://about.underarmour.com/en/stories/2026/06/under-armour-and-bobby-witt-jr--bring-the-thrill-of-the--perfect.html","Atleta de Under Armour (calzado de firma Dream Pull en 2026, según atletas.csv). No se halló una fuente fechada en 2023-2024 porque se agotó el cupo.","Criterio propio (provisional)","0","busqueda"
"beisbol","M","2024","4","Francisco Lindor","New Balance","0","v","Fox Business, may-2026","https://www-ak-ms.foxbusiness.com/sports/shohei-ohtani-francisco-lindor-family-oriented-strategy-made-new-balance-baseball-powerhouse","Contrato plurianual con New Balance desde feb-2017 (Andscape) y calzado de firma desde 2021; Fox Business (may-2026) confirma que sigue siendo cara de NB Baseball, así que 2024 es v por contrato vigente. Antes, Under Armour (2011-2016).","Criterio propio (provisional)","1","pagina"
"beisbol","M","2024","5","Juan Soto","Under Armour","0","v","McPherson Spectator, mar-2025","https://spectator.mcpherson.edu/2025/03/juan-soto-hit-a-home-run-with-new-under-armour-deal/","Con Under Armour desde feb-2018 y nuevo contrato en 2025. Empatado en el 5.º lugar con Ketel Marte.","Criterio propio (provisional)","0","busqueda"
"beisbol","M","2024","5","Ketel Marte","Adidas","0","h","What Pros Wear, sin fecha","https://www.whatproswear.com/lockers/ketel-marte","Empatado en el 5.º lugar. Solo evidencia de uso (cleats Adidas adiZero Afterburner 6 personalizados). No se halló contrato con Adidas ni otra marca deportiva.","Criterio propio (provisional)","2","busqueda"
"beisbol","M","2025","1","Shohei Ohtani","New Balance","0","v","Sports Illustrated, 2025","https://www.si.com/fannation/sneakers/news/the-10-best-cleats-of-the-2025-mlb-season-ranked","Fuente reutilizada de atletas.csv (corte 2026). Contrato con New Balance desde 2023.","Criterio propio (provisional)","0","busqueda"
"beisbol","M","2025","2","Aaron Judge","Jordan","1","v","Sports Illustrated, 2025","https://www.si.com/fannation/sneakers/news/the-10-best-cleats-of-the-2025-mlb-season-ranked","Fuente reutilizada de atletas.csv. Con Jordan Brand desde 2023.","Criterio propio (provisional)","0","busqueda"
"beisbol","M","2025","3","Cal Raleigh","New Balance","0","h","Footwear Magazine, mar-2026","https://footwearmagazine.com/new-balance-red-sox-starter-garrett-crochet-baseball/","'New Balance ya cuenta con Ohtani, Lindor y Cal Raleigh entre sus embajadores globales de béisbol' (mar-2026). MLB.com informó una gorra conjunta NB-Raleigh tras la temporada 2025. Fuente posterior al corte; no se confirmó que el contrato estuviera vigente durante 2025. Otros patrocinios: Honey Bucket, T-Mobile. Un resumen de Google consultado por el usuario lista sus patrocinadores 2025 (Rawlings, Nintendo, T-Mobile, Citizen, Alaska Airlines, Honey Bucket) sin New Balance.","Criterio propio (provisional)","3","pagina"
"beisbol","M","2025","4","Kyle Schwarber","Nike","1","h","What Pros Wear, sin fecha","https://www.whatproswear.com/lockers/kyle-schwarber/","Solo evidencia de uso (cleats y guantes Nike personalizados). No se halló contrato de calzado. Patrocinios no deportivos: First Lite (ropa de caza, oct-2025), Yards Brewing; New Era hasta 2017.","Criterio propio (provisional)","2","busqueda"
"beisbol","M","2025","5","Juan Soto","Under Armour","0","v","McPherson Spectator, mar-2025","https://spectator.mcpherson.edu/2025/03/juan-soto-hit-a-home-run-with-new-under-armour-deal/","Renovó con Under Armour en 2025; patrocinado desde feb-2018. Corroborado por Yahoo Sports (https://sports.yahoo.com/juan-soto-under-armour-deal-165319152.html).","Criterio propio (provisional)","0","busqueda"
"beisbol","M","2026","1","Shohei Ohtani","New Balance","0","v","Sports Illustrated, 2025","https://www.si.com/fannation/sneakers/news/the-10-best-cleats-of-the-2025-mlb-season-ranked","","Criterio propio (provisional)","",""
"beisbol","M","2026","2","Aaron Judge","Jordan","1","v","Sports Illustrated, 2025","https://www.si.com/fannation/sneakers/news/the-10-best-cleats-of-the-2025-mlb-season-ranked","Firmó con Jordan Brand en 2023","Criterio propio (provisional)","",""
"beisbol","M","2026","3","Juan Soto","Under Armour","0","v","Bleacher Report, 2026","https://bleacherreport.com/articles/25495410-juan-sotos-1st-under-armour-la-fiera-pe-cleat-shuffle-logo-revealed-photos","Under Armour presentó en 2026 su primer cleat PE, 'La Fiera'; es su marca principal desde 2018.","Criterio propio (provisional)","1",""
"beisbol","M","2026","4","Mookie Betts","Jordan","1","v","Sports Illustrated, 2025","https://www.si.com/fannation/sneakers/news/the-10-best-cleats-of-the-2025-mlb-season-ranked","","Criterio propio (provisional)","",""
"beisbol","M","2026","5","Bobby Witt Jr.","Under Armour","0","v","Under Armour (comunicado), jun-2026","https://about.underarmour.com/en/stories/2026/06/under-armour-and-bobby-witt-jr--bring-the-thrill-of-the--perfect.html","Under Armour lanzó la Dream Pull PE, su primer calzado de firma a la venta (jun-2026).","Criterio propio (provisional)","1",""
"atletismo","M","2015","1","Ashton Eaton","Nike","1","h","Running Magazine, 2015","https://runningmagazine.ca/?p=31426","Nike lanzó una zapatilla de edición limitada (Lunar Caldra) por su récord mundial de 2015. El contrato explícito solo aparece en una fuente de 2012 (bono de Nike por récord, CBS Sports): más de 2 años.","Criterio propio (provisional)","1","busqueda"
"atletismo","M","2015","2","Usain Bolt","Puma","0","h","PUMA (nota de prensa), sep-2013","https://about.puma.com/en/newsroom/news/usain-bolt-renews-endorsement-contract-puma-beyond-2016-olympic-games","Puma renovó en sep-2013 hasta después de Río 2016, lo que cubre 2015. La fuente es de 2 años antes del corte y no se halló una fuente de 2014-2015.","Criterio propio (provisional)","1","busqueda"
"atletismo","M","2015","3","Christian Taylor","Nike","1","h","Wikipedia (sin fecha)","https://en.wikipedia.org/wiki/Christian_Taylor_(athlete)","Wikipedia lo lista con club Nike y con zapatillas personalizadas de Nike. Fuente sin fecha.","Criterio propio (provisional)","1","busqueda"
"atletismo","M","2018","1","Eliud Kipchoge","Nike","1","h","Nike (nota de prensa), ago-2023","https://about.nike.com/newsroom/releases/ek-umoja-collection","Nike habla de 20 años de relación con Kipchoge (2003-2023), lo que cubre 2018. La fuente es posterior al corte; no se buscó una de 2017-2018 por falta de cupo.","Criterio propio (provisional)","0","pagina"
"atletismo","M","2018","2","Christian Coleman","Nike","1","v","FloTrack / Univ. de Tennessee, 2017","https://www.flotrack.org/articles/5067149-which-college-athletes-have-turned-pro-and-where","Se hizo profesional el 16-jun-2017 con un contrato de siete cifras con Nike.","Criterio propio (provisional)","1","busqueda"
"atletismo","M","2018","3","Armand Duplantis","Sin contrato","0","h","LetsRun, jun-2019","https://letsrun.com/news/2019/06/mondo-duplantis-signs-with-puma","En 2018 era atleta universitario de LSU (NCAA), sin contrato individual. Firmó con Puma al hacerse profesional en jun-2019. El uniforme de LSU no cuenta.","Criterio propio (provisional)","1","busqueda"
"atletismo","M","2018","4","Kevin Mayer","Nike","1","v","Stadion Actu, sep-2018","https://stadion-actu.fr/?p=24151","Con Nike desde 2014; tras Río 2016 firmó una extensión de ocho años. El artículo es de la semana de su récord mundial (sep-2018).","Criterio propio (provisional)","1","pagina"
"atletismo","M","2018","5","Abderrahman Samba","n.d.","0","n","","","No se halló el contrato de calzado o indumentaria tras varias búsquedas.","Criterio propio (provisional)","2","busqueda"
"atletismo","M","2021","1","Karsten Warholm","Puma","0","v","FashionUnited, jul-2019; 3MPG, sep-2025","https://fashionunited.com/news/fashion/puma-is-the-new-sponsor-of-world-champion-hurdler-karsten-warholm/2019072429104","Contrato de largo plazo firmado en jul-2019. Una fuente de sep-2025 (3MPG) lo muestra vigente, lo que permite v en el corte intermedio.","Criterio propio (provisional)","2","busqueda"
"atletismo","M","2021","2","Joshua Cheptegei","Nike","1","h","Conocimiento previo","","Atleta Nike (NN Running Team) por conocimiento previo. No se buscó una fuente por falta de cupo.","Criterio propio (provisional)","0","busqueda"
"atletismo","M","2021","3","Ryan Crouser","Nike","1","h","Conocimiento previo","","Atleta Nike por conocimiento previo. No se buscó una fuente por falta de cupo.","Criterio propio (provisional)","0","busqueda"
"atletismo","M","2021","4","Armand Duplantis","Puma","0","v","LetsRun, jun-2019; blue News, ago-2024","https://letsrun.com/news/2019/06/mondo-duplantis-signs-with-puma","Firmó con Puma en jun-2019. En ago-2024 blue News confirma que sigue con contrato de Puma, lo que permite v en el corte intermedio.","Criterio propio (provisional)","1","busqueda"
"atletismo","M","2021","5","Eliud Kipchoge","Nike","1","h","Nike (nota de prensa), ago-2023","https://about.nike.com/newsroom/releases/ek-umoja-collection","Nike habla de 20 años de relación (2003-2023). La fuente es posterior al corte.","Criterio propio (provisional)","0","pagina"
"atletismo","M","2022","1","Armand Duplantis","Puma","0","v","LetsRun, jun-2019; blue News, ago-2024","https://www.bluewin.ch/en/sport/thats-why-duplantis-only-ever-breaks-the-world-record-by-one-centimeter-li.2317305","Firmó con Puma en jun-2019 y sigue con contrato de Puma en ago-2024 (blue News), lo que permite v en el corte intermedio.","Criterio propio (provisional)","1","pagina"
"atletismo","M","2022","2","Soufiane El Bakkali","Nike","1","h","Marathons.com, ene-2026","https://www.marathons.com/en/news/olympic-3000m-steeplechase-champion-soufiane-el-bakkali-signs-with-on-running/","'Tras una década con Nike', firmó con On en ene-2026. Esto cubre 2022, pero la fuente es posterior al corte. El cambio a On es posterior a todos los cortes en los que aparece.","Criterio propio (provisional)","1","pagina"
"atletismo","M","2022","3","Jakob Ingebrigtsen","Nike","1","h","House of Heat, may-2025","https://houseofheat.co/nike/jakob-ingebrigtsen-nike-running-collection-release-date","Con Nike desde los 17 años, según una fuente de 2025 (posterior al corte).","Criterio propio (provisional)","0","busqueda"
"atletismo","M","2022","4","Eliud Kipchoge","Nike","1","h","Nike (nota de prensa), ago-2023","https://about.nike.com/newsroom/releases/ek-umoja-collection","Nike habla de 20 años de relación (2003-2023). La fuente es de ago-2023, posterior al corte.","Criterio propio (provisional)","0","pagina"
"atletismo","M","2022","5","Noah Lyles","Adidas","0","h","Pulse Sports, feb-2025","https://www.pulsesports.co.ke/story/our-sport-is-very-ruthless-justin-gatlin-lays-bare-the-price-noah-lyles-must-pay-for-million-dollar-adidas-contract-2025022007081216507","Con Adidas desde 2016. En feb-2024 extendió hasta 2029 (LetsRun, según atletas.csv). No hay fuente de 2021-2022 en esta ronda.","Criterio propio (provisional)","0","busqueda"
"atletismo","M","2023","1","Noah Lyles","Adidas","0","h","Pulse Sports, feb-2025","https://www.pulsesports.co.ke/story/our-sport-is-very-ruthless-justin-gatlin-lays-bare-the-price-noah-lyles-must-pay-for-million-dollar-adidas-contract-2025022007081216507","Co-ganador (categoría pista). La extensión con Adidas hasta 2029 (feb-2024, LetsRun) implica un contrato vigente en 2023, pero no hay fuente de firma en esta ronda.","Criterio propio (provisional)","0","busqueda"
"atletismo","M","2023","2","Armand Duplantis","Puma","0","v","LetsRun, jun-2019; blue News, ago-2024","https://www.bluewin.ch/en/sport/thats-why-duplantis-only-ever-breaks-the-world-record-by-one-centimeter-li.2317305","Co-ganador (categoría campo). Firmó con Puma en 2019 y sigue con contrato de Puma en ago-2024.","Criterio propio (provisional)","1","pagina"
"atletismo","M","2023","3","Kelvin Kiptum","Nike","1","h","Conocimiento previo","","Co-ganador (categoría fuera del estadio). Corrió con Nike (Alphafly) en Chicago 2023, por conocimiento previo. No se buscó una fuente por falta de cupo. Falleció en feb-2024.","Criterio propio (provisional)","0","busqueda"
"atletismo","M","2023","4","Neeraj Chopra","Under Armour","0","v","Sportskhabri, jul-2022","https://sportskhabri.com/?p=44373","Under Armour India (Underdog Athletics) lo fichó en jul-2022 como embajador con un acuerdo de largo plazo. No se aclaró la marca de sus clavos.","Criterio propio (provisional)","1","busqueda"
"atletismo","M","2023","5","Ryan Crouser","Nike","1","h","Conocimiento previo","","Atleta Nike por conocimiento previo. No se buscó una fuente por falta de cupo.","Criterio propio (provisional)","0","busqueda"
"atletismo","M","2024","1","Letsile Tebogo","Nike","1","v","Africa Scores (The Pitch), ago-2024","https://africascores.beehiiv.com/p/tebogos-gold-puts-brands-notice-generation-african-sprinters","El artículo dice: 'Tebogo, a Nike sprinter...'. Business Weekly reporta ofertas de Nike y Adidas. No se halló ningún contrato con Adidas.","Criterio propio (provisional)","1","pagina"
"atletismo","M","2024","2","Armand Duplantis","Puma","0","v","blue News, ago-2024","https://www.bluewin.ch/en/sport/thats-why-duplantis-only-ever-breaks-the-world-record-by-one-centimeter-li.2317305","Dice que tiene contrato con Puma desde niño, con bonos por títulos y récords.","Criterio propio (provisional)","1","pagina"
"atletismo","M","2024","3","Tamirat Tola","Adidas","0","h","Men's Health Australia, ago-2024","https://menshealth.com.au/the-shoes-the-fastest-runners-in-the-paris-olympic-marathon-wear/","Ganó el maratón olímpico con Adidas Adizero Adios Pro Evo 1. Es solo evidencia de uso.","Criterio propio (provisional)","1","busqueda"
"atletismo","M","2024","4","Jakob Ingebrigtsen","Nike","1","h","House of Heat, may-2025","https://houseofheat.co/nike/jakob-ingebrigtsen-nike-running-collection-release-date","Con Nike desde los 17 años, según una fuente de may-2025 (posterior al corte).","Criterio propio (provisional)","0","busqueda"
"atletismo","M","2024","5","Miltiadis Tentoglou","n.d.","0","n","PUMA (nota de prensa), jul-2025","https://mediahub.puma.com/articles/puma-signs-double-olympic-champion-miltiadis-tentoglou","Puma lo fichó el 17-jul-2025, después del corte. No se halló su marca de 2024; la nota de Puma no dice de dónde viene.","Criterio propio (provisional)","2","pagina"
"atletismo","M","2024","6","Brian Pintado","n.d.","0","n","","","Sin evidencia de contrato tras 2 búsquedas (inglés y español).","Criterio propio (provisional)","2","busqueda"
"atletismo","M","2025","1","Armand Duplantis","Puma","0","v","3MPG, sep-2025","https://www.3mpg.ch/the-future-of-fast-puma-at-the-world-athletics-championships-2025-in-tokyo/","Puma lo nombra entre sus más de 140 atletas en el Mundial de Tokio 2025 y lo presenta como 'PUMA athlete' en su panel.","Criterio propio (provisional)","1","pagina"
"atletismo","M","2025","2","Emmanuel Wanyonyi","n.d.","0","n","","","No se halló su contrato tras 2 búsquedas. El Puma que gana el 800 m es otro atleta, Emmanuel Korir.","Criterio propio (provisional)","2","busqueda"
"atletismo","M","2025","3","Sabastian Sawe","Adidas","0","h","Wikipedia (sin fecha); Sneaker Freaker, sep-2025","https://en.wikipedia.org/wiki/Sabastian_Sawe","Wikipedia dice que 'corre para Adidas'. Ganó Berlín 2025 con Adizero Adios Pro Evo 2. Reuters (abr-2026) solo menciona su uso de Adidas.","Criterio propio (provisional)","1","busqueda"
"atletismo","M","2025","4","Noah Lyles","Adidas","0","v","Pulse Sports, feb-2025","https://www.pulsesports.co.ke/story/our-sport-is-very-ruthless-justin-gatlin-lays-bare-the-price-noah-lyles-must-pay-for-million-dollar-adidas-contract-2025022007081216507","Contrato millonario con Adidas, extendido hasta 2029 en feb-2024 (LetsRun).","Criterio propio (provisional)","0","busqueda"
"atletismo","M","2025","5","Mattia Furlani","n.d.","0","n","","","Sin evidencia de contrato de calzado/indumentaria tras búsquedas en inglés e italiano; Money.it (sep-2025) solo menciona patrocinios de banca (UniCredit).","Criterio propio (provisional)","3","busqueda"
"atletismo","M","2025","6","Alphonce Simbu","Adidas","0","h","Runner's World Australia, 2025","https://runnersworldonline.com.au/fastest-shoes-at-the-2025-world-championship-marathons/","Corrió el Mundial y Boston 2025 con Adidas Adios Pro Evo 2: evidencia de uso, no de contrato.","Criterio propio (provisional)","1","busqueda"
"atletismo","M","2026","1","Armand Duplantis","Puma","0","v","3MPG, sep-2025","https://www.3mpg.ch/the-future-of-fast-puma-at-the-world-athletics-championships-2025-in-tokyo/","Puma lo nombra entre sus atletas en el Mundial de Tokio 2025 y lo presenta como 'PUMA athlete'. Firmó con Puma en jun-2019.","Criterio propio (provisional)","2","pagina"
"atletismo","M","2026","2","Noah Lyles","Adidas","0","v","Pulse Sports, feb-2025","https://www.pulsesports.co.ke/story/our-sport-is-very-ruthless-justin-gatlin-lays-bare-the-price-noah-lyles-must-pay-for-million-dollar-adidas-contract-2025022007081216507","Extendió con Adidas hasta 2029 (LetsRun, feb-2024); la nota de 2025 alude a ese contrato.","Criterio propio (provisional)","1",""
"atletismo","M","2026","3","Jakob Ingebrigtsen","Nike","1","v","House of Heat, may-2025","https://houseofheat.co/nike/jakob-ingebrigtsen-nike-running-collection-release-date","Con Nike desde los 17 años","Criterio propio (provisional)","",""
"atletismo","M","2026","4","Karsten Warholm","Puma","0","v","3MPG, sep-2025","https://www.3mpg.ch/the-future-of-fast-puma-at-the-world-athletics-championships-2025-in-tokyo/","Puma lo nombra entre sus atletas en el Mundial 2025 ('men's 400m hurdles world record holder Karsten Warholm'). Con Puma desde 2019.","Criterio propio (provisional)","2","pagina"
"atletismo","M","2026","5","Eliud Kipchoge","Nike","1","v","Sole Retriever, oct-2025","https://www.soleretriever.com/news/articles/eliud-kipchoge-no-human-is-limited-nike-running-pack-release-date-october-2025","Nike lanzó la colección 'No Human Is Limited' (30-oct-2025) y los Alphafly 3 / Vaporfly 4 EK para el maratón de Nueva York 2025. Corroborado por Stadion Actu y House of Heat (otoño 2025).","Criterio propio (provisional)","1","busqueda"
"Tenis (WTA)","F","2026","1","Elena Rybakina","Yonex","0","v","The Big Lead, ago-2026","https://www.thebiglead.com/yonex-worst-2026-us-open-kits-rybakina-ruud-shnaider/","","ranking","",""
"Tenis (WTA)","F","2026","2","Aryna Sabalenka","Nike","1","v","Sports Illustrated, jun-2026","https://www.si.com/onsi/serve/style/top-10-fashion-statements-2026-french-open","","ranking","",""
"Tenis (WTA)","F","2026","3","Jessica Pegula","Adidas","0","v","Yahoo Sports, jul-2026","https://sports.yahoo.com/articles/adidas-shows-off-2026-hardcourt-011003441.html","","ranking","",""
"Tenis (WTA)","F","2026","4","Coco Gauff","New Balance","0","v","WWD, ago-2026","https://wwd.com/fashion-news/street-style/atp-athlete-arrival-us-open-taylor-fritz-flavio-cobolli-1239175669/","","ranking","",""
"Tenis (WTA)","F","2026","5","Mirra Andreeva","Nike","1","v","Tennis.com, abr-2025","https://www.tennis.com/news/articles/mirra-andreeva-debuts-new-custom-mirracle-nike-bag-in-madrid-birthday","Nike viste y calza a Andreeva desde 2018 (ropa, calzado y accesorios). Bolso personalizado 'Mirracle' de Nike en Madrid 2025. Raqueta Wilson.","ranking","2",""
"Fútbol","F","2026","1","Aitana Bonmatí","Adidas","0","v","Footy Headlines, jul-2024","https://www.footyheadlines.com/2024/07/aitana-bonmati-signs-adidas-deal-receives-custom-predator-boots-for-olympics.html","Dejó Nike en 2024","criterio propio","",""
"Fútbol","F","2026","2","Alexia Putellas","Nike","1","v","Footy Headlines, nov-2025","https://www.footyheadlines.com/2025/11/new-first-ever-nike-alexia-putellas-signature-boots.html","Atleta Nike desde 2013 y atleta signature: logo propio y bota Phantom 6 firmada, lanzada el 2-feb-2026.","criterio propio","1",""
"Fútbol","F","2026","3","Sam Kerr","Nike","1","v","SoccerBible, sep-2026","https://www.soccerbible.com/performance/football-boots/2026/09/sam-kerr-gets-her-second-signature-nike-mercurial-superfly/","Nike lanzó su segunda Mercurial Superfly 11 firmada en sep-2026.","criterio propio","1",""
"Fútbol","F","2026","4","Salma Paralluelo","Nike","1","h","El Gol Digital, fecha no verificada","https://www.elgoldigital.com/futbol/fc-barcelona/salma-paralluelo-rivaliza-con-alexia-putellas-con-un-contratatazo-de-nike/","Era atleta Adidas; El Gol Digital reporta que Nike la fichó quitándosela a Adidas. Nike.com tiene página de botas 'Salma Paralluelo' y la incluye en el Nike United collective. No pude confirmar la fecha del cambio: un resumen apunta a fines de 2023, otro a 2026. Otro resultado aún la llama 'Adidas athlete'. Páginas no abiertas (proxy bloqueado).","criterio propio","4",""
"Fútbol","F","2026","5","Ewa Pajor","n.d.","0","n","","","Sin evidencia de contrato individual tras 4 búsquedas. Un resumen de búsqueda atribuyó 'outfitter Nike' a Soccerdonna, pero no pude abrir la página y puede confundirse con el kit Nike del Barça.","criterio propio","6",""
"Básquet (WNBA)","F","2026","1","Caitlin Clark","Nike","1","v","CBS Sports, ago-2025","https://www.cbssports.com/wnba/news/nike-unveils-caitlin-clarks-new-logo-with-signature-shoe-full-apparel-line-set-for-2026-release","Contrato récord de US$28 mm (2024)","criterio propio","",""
"Básquet (WNBA)","F","2026","2","A'ja Wilson","Nike","1","v","Hypebeast, abr-2026","https://hypebeast.com/2026/4/nba-wnba-signature-shoe-list-2026","","criterio propio","",""
"Básquet (WNBA)","F","2026","3","Breanna Stewart","Puma","0","v","Hypebeast, abr-2026","https://hypebeast.com/2026/4/nba-wnba-signature-shoe-list-2026","","criterio propio","",""
"Básquet (WNBA)","F","2026","4","Paige Bueckers","Nike","1","v","ClutchPoints, 2025","https://clutchpoints.com/sneakers/wings-paige-bueckers-debuts-new-nike-sneakers-at-all-star-weekend","Contrato NIL con Nike desde sep-2023, que siguió en la WNBA (Dallas Wings). Nike registró su logo 'PB bucket'. Aún no tiene zapatilla firmada propia (solo ediciones PE). No verifiqué el mes de la fuente.","criterio propio","2",""
"Básquet (WNBA)","F","2026","5","Angel Reese","Reebok","0","v","Hypebeast, abr-2026","https://hypebeast.com/2026/4/nba-wnba-signature-shoe-list-2026","","criterio propio","",""
"Atletismo","F","2026","1","Sydney McLaughlin-Levrone","New Balance","0","v","Sneaker News, ago-2026","https://sneakernews.com/2026/08/25/sydney-mclaughlin-levrone-new-balance-2026/","Tercera colección firmada con New Balance (ropa y calzado), lanzada el 8-sep-2026. Se reporta un contrato de unos USD 1,5 M al año (cifra no oficial).","criterio propio","1",""
"Atletismo","F","2026","2","Faith Kipyegon","Nike","1","v","Sneaker Bar Detroit, may-2026","https://sneakerbardetroit.com/nike-victory-elite-faith-kipyegon-hq8101-100/","Socia de Nike desde hace unos 16 años: proyecto Breaking4 (jun-2025), colección propia de ropa y calzado (2025) y clavos Victory Elite 'Faith Kipyegon' (may-2026).","criterio propio","2",""
"Atletismo","F","2026","3","Femke Bol","New Balance","0","v","Forbes","https://www.forbes.com/profile/femke-bol/","","criterio propio","",""
"Atletismo","F","2026","4","Sha'Carri Richardson","Nike","1","v","TMZ, sep-2025","https://www.tmz.com/2025/09/22/shacarri-richardson-nikeskims-domestic-violence-arrest/","Campañas de Nike en 2025: anuncio del Super Bowl, 'Winning isn't for everyone' y NikeSKIMS. La cifra de USD 20 M en 5 años nunca se confirmó (LetsRun la desmiente).","criterio propio","2",""
"Atletismo","F","2026","5","Julien Alfred","Puma","0","h","PUMA (nota de prensa), jul-2023","https://about.puma.com/en/newsroom/news/puma-signs-sprint-sensation-julien-alfred","Puma la firmó en jul-2023 (fuente con más de 2 años). Ganó el oro olímpico 2024 con clavos Puma. No hay noticia de cambio; en 2026 sigue compitiendo con Puma, pero eso es solo evidencia de uso.","criterio propio","3",""
"Gimnasia","F","2026","1","Simone Biles","Athleta","0","v","Refinery29, nov-2025","https://www.refinery29.com/en-us/2025/11/11942646/simone-biles-athleta-collection-interview","Dejó Nike en abr-2021 (acuerdo vigente desde 2015) y firmó con Athleta (Gap). Lanzó su quinta colección con Athleta en nov-2025.","criterio propio","2",""
"Gimnasia","F","2026","2","Rebeca Andrade","Adidas","0","v","Itatiaia, may-2025","https://www.itatiaia.com.br/esportes/olimpiada/2025/05/16/diretora-do-cob-explica-parcerias-estrategicas-com-rebeca-andrade-e-adidas","Embajadora de Adidas desde feb-2024. En 2025 Adidas la presenta como parte de su roster individual al cerrar el acuerdo con el COB (equipo Brasil desde 2026). Los maillots de competición del equipo brasileño son de Ozone.","criterio propio","3",""
"Gimnasia","F","2026","3","Suni Lee","Lululemon","0","h","Vogue Singapore, fecha no verificada","https://vogue.sg/suni-lee-lululemon/","No tiene un único contrato principal. Es embajadora multianual de Lululemon (ropa deportiva) y Hoka (calzado, desde ene-2025 según WWD). También tiene acuerdos de moda (Amazon Fashion, American Eagle) y maillots con GK Elite. Asigno Lululemon por la regla de la ropa, pero sin fuente fechada en 2025-2026 que lo confirme como acuerdo principal.","criterio propio","4",""
"Gimnasia","F","2026","4","Jordan Chiles","Nike","1","v","Just Women's Sports, jul-2025","https://justwomenssports.com/reads/jordan-chiles-nike-leotard-gymnastics-collection/","Primera colección de maillots firmada de Nike (con GK Elite), lanzada el 15 de julio. Por contexto es de 2025 (no confirmé el año en la página). También tiene zapatillas en colaboración con Nike y aparece en el anuncio de Nike del Super Bowl 2025.","criterio propio","3",""
"Gimnasia","F","2026","5","Kaylia Nemour","Ozone","0","h","Inside Gymnastics, fecha no verificada","https://www.insidegymnastics.com/news-features/inside-gymnastics-exclusive-kaylia-nemours-spring-collection-release-ozone/","No encontré contrato con una marca deportiva grande. Tiene una colección firmada de maillots con Ozone (fecha no verificada). Su patrocinio más visible es Ooredoo Argelia (telecomunicaciones, desde jul-2025), que no es una marca de ropa.","criterio propio","4",""
